#timestamp [ns],p_WS_R_x [m],p_WS_R_y [m],p_WS_R_z [m]
1548808716659102439,27.7285,0.2081,-0.3146
1548808716758709907,27.7285,0.2075,-0.3146
1548808716914265632,27.7285,0.2088,-0.3136
1548808717059118032,27.7285,0.2095,-0.3146
1548808717157660245,27.7275,0.2099,-0.3146
1548808717258910417,27.7285,0.2092,-0.3146
1548808717428420305,27.7285,0.2085,-0.3146
1548808717549638509,27.7285,0.2088,-0.3146
1548808717658652782,27.7285,0.2085,-0.3146
1548808717763813018,27.7285,0.2081,-0.3139
1548808717915709018,27.7285,0.2089,-0.3136
1548808718034608364,27.7285,0.2085,-0.3136
1548808718160250902,27.7285,0.2085,-0.3139
1548808718258598327,27.7285,0.2082,-0.3139
1548808718399240970,27.7286,0.2082,-0.3128
1548808718458556652,27.7286,0.2082,-0.3128
1548808718520961761,27.7286,0.2082,-0.3128
1548808718642445564,27.7276,0.2082,-0.3128
1548808718759957313,27.7276,0.2082,-0.3128
1548808718915448904,27.7286,0.2082,-0.3128
1548808719005835294,27.7286,0.2082,-0.3129
1548808719059036016,27.7285,0.2089,-0.3129
1548808719126507759,27.7276,0.2085,-0.3129
1548808719248929977,27.7286,0.2082,-0.3128
1548808719370811939,27.7286,0.2085,-0.3129
1548808719459519863,27.7285,0.2089,-0.3129
1548808719560370206,27.7286,0.2085,-0.3129
1548808719611694335,27.7286,0.2085,-0.3129
1548808719733868122,27.7286,0.2082,-0.3129
1548808719854657173,27.7286,0.2082,-0.3128
1548808719916220664,27.7286,0.2082,-0.3128
1548808719977598428,27.7286,0.2085,-0.3129
1548808720059163808,27.7286,0.2082,-0.3129
1548808720159972190,27.7286,0.2071,-0.3128
1548808720341315507,27.7286,0.2078,-0.3128
1548808720458685874,27.7286,0.2071,-0.3128
1548808720560089588,27.7286,0.2082,-0.3128
1548808720658018350,27.7286,0.2082,-0.3129
1548808720704509019,27.7286,0.2082,-0.3128
1548808720827060699,27.7286,0.2082,-0.3129
1548808720914397239,27.7286,0.2082,-0.3129
1548808721058795928,27.7286,0.2082,-0.3128
1548808721160152912,27.7286,0.2078,-0.3128
1548808721258393049,27.7286,0.2078,-0.3128
1548808721432329893,27.7286,0.2078,-0.3128
1548808721561581850,27.7276,0.2082,-0.3128
1548808721658687114,27.7276,0.2078,-0.3128
1548808721759973526,27.7276,0.2082,-0.3128
1548808721913447141,27.7236,0.2082,-0.3128
1548808722041604757,27.7145,0.2091,-0.3134
1548808722159974098,27.7145,0.2084,-0.3134
1548808722257642269,27.7055,0.208,-0.3137
1548808722405621051,27.6865,0.2086,-0.3131
1548808722457776546,27.6865,0.2082,-0.3131
1548808722527296066,27.6726,0.2081,-0.3122
1548808722649891376,27.6605,0.2091,-0.3121
1548808722760087966,27.6605,0.2098,-0.3121
1548808722912707090,27.6605,0.2095,-0.3121
1548808722980747699,27.6166,0.2091,-0.3116
1548808723059221982,27.6165,0.2092,-0.3116
1548808723159977197,27.5956,0.209,-0.3111
1548808723220730066,27.5806,0.2089,-0.3095
1548808723341818809,27.5646,0.2087,-0.31
1548808723458011150,27.5646,0.2087,-0.31
1548808723560356616,27.5486,0.2086,-0.3109
1548808723658914089,27.5335,0.2085,-0.3114
1548808723704019308,27.5206,0.2084,-0.3109
1548808723824164628,27.5056,0.2054,-0.3103
1548808723913146018,27.5056,0.2051,-0.3103
1548808724058558225,27.4916,0.2042,-0.3094
1548808724158014059,27.4756,0.2011,-0.3099
1548808724258444547,27.4616,0.1981,-0.3097
1548808724423233032,27.4326,0.1995,-0.3096
1548808724467601060,27.4326,0.1994,-0.3096
1548808724542367219,27.4186,0.1979,-0.3097
1548808724664622545,27.4027,0.1957,-0.3091
1548808724864148139,27.3897,0.1934,-0.3089
1548808724965961694,27.3757,0.1907,-0.3095
1548808725017805576,27.3587,0.1913,-0.3091
1548808725065732955,27.3587,0.1913,-0.3091
1548808725141677618,27.3427,0.1901,-0.3109
1548808725254765748,27.3277,0.1893,-0.3111
1548808725365003347,27.3277,0.1893,-0.3111
1548808725464177131,27.3087,0.1881,-0.3105
1548808725565646648,27.2887,0.1876,-0.3096
1548808725609636545,27.2697,0.1878,-0.3093
1548808725664700269,27.2697,0.1868,-0.3093
1548808725851624727,27.2287,0.1812,-0.3088
1548808725972047328,27.2087,0.1814,-0.3085
1548808726092841148,27.1848,0.1794,-0.3085
1548808726213888168,27.1848,0.1783,-0.3085
1548808726333797931,27.1358,0.178,-0.3093
1548808726411346912,27.1358,0.1773,-0.3093
1548808726455262184,27.1128,0.1765,-0.3093
1548808726511291503,27.1128,0.1751,-0.3093
1548808726576267957,27.0898,0.1749,-0.309
1548808726697031497,27.0608,0.1727,-0.3087
1548808726816762685,27.0348,0.1731,-0.3086
1548808726855675935,27.0348,0.1734,-0.3086
1548808726935620069,26.9998,0.1714,-0.3081
1548808727057895660,26.9708,0.1741,-0.3079
1548808727160018920,26.9708,0.1729,-0.3079
1548808727258694648,26.9358,0.1706,-0.3078
1548808727418824195,26.8758,0.1692,-0.3083
1548808727540975332,26.8428,0.168,-0.3083
1548808727661913871,26.8428,0.1671,-0.3083
1548808727757998943,26.8138,0.167,-0.308
1548808727901883602,26.7488,0.1665,-0.3073
1548808727958276510,26.7488,0.1665,-0.3073
1548808728019676208,26.7138,0.166,-0.3069
1548808728058865547,26.7138,0.166,-0.3069
1548808728138078451,26.6848,0.1675,-0.3076
1548808728261929512,26.6508,0.1643,-0.3079
1548808728377029895,26.6178,0.1643,-0.3077
1548808728495250463,26.5848,0.1658,-0.3084
1548808728604931354,26.5848,0.1671,-0.3084
1548808728705294847,26.5518,0.1682,-0.3094
1548808728857112407,26.4848,0.1671,-0.3103
1548808728907093763,26.4848,0.1671,-0.3103
1548808728982785224,26.4518,0.1669,-0.3102
1548808729097848415,26.4168,0.166,-0.3105
1548808729206315517,26.4168,0.1656,-0.3105
1548808729338544130,26.3477,0.1661,-0.3114
1548808729406661033,26.3477,0.166,-0.3114
1548808729460934877,26.3148,0.1658,-0.3092
1548808729506052494,26.3147,0.1679,-0.3092
1548808729582045793,26.2757,0.1703,-0.3086
1548808729700829982,26.2407,0.1691,-0.3095
1548808729806071758,26.2407,0.1713,-0.3095
1548808729906767606,26.2017,0.1717,-0.31
1548808730007011413,26.1647,0.1737,-0.3112
1548808730063364982,26.1246,0.1728,-0.3134
1548808730183308124,26.0847,0.1722,-0.3132
1548808730306196451,26.0456,0.1753,-0.3142
1548808730388141155,26.0456,0.1709,-0.3142
1548808730490643262,26.0057,0.173,-0.3114
1548808730540343046,25.9647,0.1721,-0.3113
1548808730591199636,25.9647,0.1727,-0.3113
1548808730665726423,25.9207,0.1737,-0.3109
1548808730779936313,25.8727,0.1735,-0.3103
1548808730890037298,25.8726,0.176,-0.3103
1548808730989337921,25.8306,0.1793,-0.3116
1548808731090766668,25.7836,0.18,-0.3137
1548808731139920473,25.7366,0.18,-0.3138
1548808731189189672,25.7365,0.1886,-0.3138
1548808731332984685,25.6956,0.1799,-0.3127
1548808731381597757,25.6446,0.1796,-0.3123
1548808731435674667,25.6446,0.1803,-0.3123
1548808731502202272,25.5976,0.1789,-0.313
1548808731623950958,25.5556,0.1783,-0.3096
1548808731736658096,25.5556,0.1778,-0.3096
1548808731861463308,25.4596,0.1777,-0.3127
1548808731936218976,25.4596,0.1767,-0.3127
1548808731981195211,25.4196,0.1761,-0.3119
1548808732037425756,25.4196,0.1765,-0.3119
1548808732102185964,25.3725,0.1777,-0.3136
1548808732225497007,25.3285,0.1807,-0.3125
1548808732334091424,25.3285,0.1833,-0.3125
1548808732435026407,25.2835,0.1829,-0.3134
1548808732534899711,25.2385,0.1864,-0.3131
1548808732582379579,25.1915,0.1848,-0.3136
1548808732634842872,25.1915,0.1823,-0.3136
1548808732701847076,25.1475,0.1843,-0.3122
1548808732819770336,25.1035,0.182,-0.3124
1548808732936033487,25.1035,0.1855,-0.3124
1548808733034756422,25.0594,0.1859,-0.3136
1548808733135920047,25.0144,0.1871,-0.3133
1548808733185552835,24.9655,0.1867,-0.3122
1548808733301926612,24.9204,0.1892,-0.3127
1548808733364125967,24.9204,0.1866,-0.3127
1548808733421008348,24.8744,0.1881,-0.313
1548808733540964365,24.8264,0.19,-0.3131
1548808733668341875,24.7795,0.1884,-0.309
1548808733782018899,24.7324,0.1882,-0.3121
1548808733865867376,24.7324,0.1898,-0.3121
1548808733965369939,24.6864,0.1878,-0.3128
1548808734023998022,24.6514,0.1872,-0.3126
1548808734146006345,24.6224,0.1883,-0.3135
1548808734268024206,24.5904,0.1892,-0.3144
1548808734385683774,24.5583,0.1906,-0.3144
1548808734465017080,24.5583,0.1933,-0.3144
1548808734503993511,24.5513,0.1926,-0.3148
1548808734572172403,24.5513,0.1901,-0.3148
1548808734624406576,24.5534,0.1901,-0.3145
1548808734675859451,24.5534,0.1901,-0.3145
1548808734975863695,24.5514,0.1901,-0.3144
1548808735074922323,24.5514,0.1898,-0.3144
1548808735175856351,24.5513,0.1914,-0.3144
1548808735307633161,24.4503,0.1909,-0.3154
1548808735376084327,24.4503,0.1905,-0.3154
1548808735427894353,24.3953,0.1916,-0.3156
1548808735473103761,24.3953,0.1941,-0.3156
1548808735549152851,24.3473,0.1947,-0.3142
1548808735668944835,24.2883,0.1925,-0.3153
1548808735774441003,24.2883,0.1958,-0.3153
1548808735875332832,24.2283,0.1949,-0.3157
1548808735974293231,24.1652,0.1947,-0.3164
1548808736028068304,24.0992,0.1954,-0.3177
1548808736075530290,24.0992,0.1975,-0.3177
1548808736151267766,24.0262,0.1988,-0.3169
1548808736269982576,23.9373,0.1925,-0.3128
1548808736391505002,23.8512,0.1978,-0.3162
1548808736474087953,23.8512,0.1993,-0.3162
1548808736559974431,23.7661,0.201,-0.317
1548808736631027460,23.6781,0.2011,-0.3177
1548808736702344417,23.6781,0.2027,-0.3177
1548808736869200229,23.5041,0.2022,-0.3164
1548808736906982183,23.5041,0.2013,-0.3164
1548808736990436792,23.4151,0.2006,-0.316
1548808737113245964,23.3321,0.2037,-0.3171
1548808737212928771,23.332,0.206,-0.3171
1548808737353300333,23.1269,0.2118,-0.3192
1548808737471286058,23.0219,0.2128,-0.3189
1548808737515588760,23.0219,0.2134,-0.3189
1548808737593054056,22.9199,0.2113,-0.3195
1548808737712992906,22.8158,0.2155,-0.3211
1548808737831625461,22.7108,0.2185,-0.3205
1548808737954018592,22.6067,0.2187,-0.3221
1548808738066697835,22.6067,0.2201,-0.3221
1548808738165257453,22.5007,0.2185,-0.3252
1548808738311493873,22.2997,0.2201,-0.3244
1548808738365594625,22.2995,0.2307,-0.3244
1548808738428271532,22.2996,0.2277,-0.3244
1548808738551783084,22.1035,0.2267,-0.3258
1548808738673450231,22.1035,0.2315,-0.3258
1548808738794118404,21.9155,0.23,-0.3257
1548808738858159542,21.9155,0.2307,-0.3257
1548808738914308071,21.8535,0.2297,-0.3256
1548808738960021734,21.8535,0.2295,-0.3256
1548808739037261009,21.8475,0.2303,-0.3255
1548808739159975051,21.8525,0.2303,-0.3262
1548808739257234573,21.8525,0.2303,-0.3262
1548808739400160312,21.8524,0.2303,-0.3264
1548808739457623481,21.8524,0.2303,-0.3264
1548808739522360801,21.8534,0.2303,-0.3265
1548808739644170761,21.8224,0.23,-0.3263
1548808739757320642,21.8224,0.2306,-0.3263
1548808739882303714,21.7704,0.2329,-0.3261
1548808740002983331,21.7344,0.2316,-0.3251
1548808740121093988,21.7344,0.2317,-0.3251
1548808740220163822,21.7034,0.2321,-0.3247
1548808740362721681,21.6264,0.2337,-0.3264
1548808740418009281,21.6264,0.2337,-0.3264
1548808740483140945,21.5844,0.2341,-0.3271
1548808740602554082,21.5373,0.2352,-0.3295
1548808740722466230,21.4923,0.2346,-0.3273
1548808740842610597,21.4463,0.2352,-0.3275
1548808740964903831,21.4003,0.2369,-0.3279
1548808741063211441,21.4003,0.239,-0.3279
1548808741204051017,21.3022,0.2399,-0.3285
1548808741324044466,21.2542,0.2406,-0.3254
1548808741442379951,21.2052,0.2409,-0.3299
1548808741546427249,21.2052,0.2395,-0.3299
1548808741647263526,21.1601,0.2441,-0.3297
1548808741747594356,21.1171,0.2449,-0.3318
1548808741890498399,21.0701,0.2461,-0.3305
1548808741994057655,21.0241,0.2451,-0.3316
1548808742043130636,20.98,0.2459,-0.332
1548808742093542575,20.98,0.2449,-0.332
1548808742170823335,20.9341,0.2434,-0.3285
1548808742282413244,20.891,0.2444,-0.3317
1548808742338544368,20.891,0.2442,-0.3317
1548808742404215335,20.849,0.2442,-0.3319
1548808742521254062,20.805,0.2425,-0.3332
1548808742642210006,20.805,0.2428,-0.3332
1548808742741270780,20.761,0.2431,-0.3338
1548808742883630990,20.672,0.2447,-0.3333
1548808742941553592,20.6719,0.2463,-0.3333
1548808743004083156,20.6279,0.2468,-0.3341
1548808743122974872,20.5849,0.2476,-0.3339
1548808743242586612,20.5849,0.2474,-0.3339
1548808743361259937,20.4999,0.2468,-0.3331
1548808743442326307,20.4999,0.2487,-0.3331
1548808743540350198,20.4569,0.251,-0.3325
1548808743601727485,20.4138,0.252,-0.3322
1548808743704123735,20.4138,0.2545,-0.3322
1548808743844198465,20.3248,0.2532,-0.3315
1548808743904198408,20.3248,0.2532,-0.3315
1548808743965875625,20.2798,0.2547,-0.3317
1548808744011139631,20.2798,0.2571,-0.3317
1548808744085241794,20.2317,0.2577,-0.3318
1548808744208970785,20.1876,0.2637,-0.332
1548808744331278324,20.1426,0.2658,-0.33
1548808744411300659,20.1426,0.2696,-0.33
1548808744514357566,20.0976,0.2692,-0.331
1548808744565361261,20.0496,0.2714,-0.3295
1548808744614457845,20.0496,0.2714,-0.3295
1548808744689353227,20.0066,0.269,-0.329
1548808744806044340,19.9615,0.2725,-0.3296
1548808744914299249,19.9614,0.2783,-0.3296
1548808744977900266,19.9134,0.2784,-0.3285
1548808745042975664,19.8695,0.2752,-0.3278
1548808745117842912,19.8694,0.2788,-0.3278
1548808745162771940,19.8254,0.2787,-0.3273
1548808745283770799,19.7774,0.2794,-0.3273
1548808745403196811,19.7314,0.2797,-0.3268
1548808745524825811,19.6853,0.2861,-0.3277
1548808745599094629,19.6853,0.2855,-0.3277
1548808745644268512,19.6373,0.2856,-0.3276
1548808745701882123,19.6373,0.2864,-0.3276
1548808745886180400,19.5443,0.288,-0.3263
1548808746006326198,19.5012,0.2889,-0.3268
1548808746125643253,19.4562,0.293,-0.3261
1548808746209299087,19.4561,0.2947,-0.3261
1548808746350476264,19.4101,0.2948,-0.3254
1548808746452943563,19.3621,0.2968,-0.3256
1548808746551291465,19.3161,0.297,-0.3267
1548808746604230880,19.2691,0.2944,-0.3258
1548808746725267887,19.222,0.2971,-0.3259
1548808746844859600,19.175,0.2999,-0.3264
1548808746896418094,19.175,0.3004,-0.3264
1548808746971406698,19.1299,0.3021,-0.3267
1548808747084513425,19.0828,0.3065,-0.3271
1548808747160435676,19.0828,0.309,-0.3271
1548808747301426887,19.0828,0.3092,-0.3271
1548808747416306257,18.9668,0.3105,-0.3263
1548808747504940748,18.9667,0.3116,-0.3263
1548808747604213953,18.9137,0.3125,-0.3252
1548808747660497903,18.8677,0.312,-0.3259
1548808747707636833,18.8677,0.3127,-0.3259
1548808747906258583,18.7767,0.3138,-0.3256
1548808748004331588,18.7766,0.3172,-0.3256
1548808748104203224,18.7336,0.3175,-0.3251
1548808748205396890,18.6916,0.3177,-0.3254
1548808748385852575,18.6006,0.3176,-0.323
1548808748506533384,18.6006,0.3173,-0.323
1548808748602955818,18.5555,0.3218,-0.3246
1548808748746267318,18.5105,0.3228,-0.3238
1548808748869443178,18.4204,0.324,-0.3233
1548808748990620374,18.3754,0.3257,-0.3232
1548808749029596090,18.3753,0.3276,-0.3232
1548808749110438108,18.3283,0.329,-0.3237
1548808749235910654,18.2822,0.3329,-0.3257
1548808749353538513,18.2362,0.3321,-0.3229
1548808749478704690,18.1861,0.3364,-0.3236
1548808749579276084,18.186,0.3397,-0.3236
1548808749681362390,18.141,0.3428,-0.323
1548808749839758872,18.048,0.3422,-0.3231
1548808749877482175,18.048,0.3429,-0.3231
1548808749960056543,18.0009,0.3429,-0.3228
1548808750080232381,17.9559,0.3448,-0.3232
1548808750201783657,17.9089,0.3464,-0.322
1548808750323872327,17.8618,0.3483,-0.3217
1548808750439655065,17.8618,0.3496,-0.3217
1548808750540329456,17.8168,0.3501,-0.3216
1548808750640182256,17.7737,0.3508,-0.3218
1548808750687646627,17.7287,0.3506,-0.3218
1548808750808345556,17.6836,0.3531,-0.3219
1548808750885478734,17.6836,0.3545,-0.3219
1548808750930529356,17.6406,0.3541,-0.3216
1548808750986728429,17.6406,0.3538,-0.3216
1548808751049035549,17.5966,0.3538,-0.3217
1548808751087633132,17.5966,0.3543,-0.3217
1548808751172235250,17.5506,0.3535,-0.3189
1548808751290440797,17.5505,0.3582,-0.3189
1548808751412878274,17.4624,0.3603,-0.3206
1548808751469660043,17.4624,0.3623,-0.3206
1548808751534684658,17.4144,0.36,-0.3213
1548808751657147407,17.4143,0.3661,-0.3213
1548808751759982585,17.3652,0.3682,-0.3217
1548808751898934364,17.2713,0.3643,-0.3222
1548808752003877401,17.2712,0.3671,-0.3222
1548808752104610919,17.2232,0.3663,-0.3223
1548808752204469203,17.1771,0.369,-0.3223
1548808752383329629,17.0841,0.3676,-0.3202
1548808752488476991,17.0842,0.3668,-0.3202
1548808752590466260,17.0391,0.3682,-0.3204
1548808752690359592,16.9941,0.3668,-0.3207
1548808752865619659,16.903,0.3686,-0.3215
1548808752973381280,16.9029,0.3731,-0.3215
1548808753073271989,16.8599,0.3745,-0.3226
1548808753215568065,16.8149,0.3727,-0.3218
1548808753347462892,16.7268,0.3728,-0.3229
1548808753420230388,16.7268,0.3731,-0.3229
1548808753470089197,16.6798,0.3712,-0.3232
1548808753520493745,16.6798,0.3735,-0.3232
1548808753594284296,16.6349,0.3711,-0.3207
1548808753714061498,16.5898,0.3697,-0.3225
1548808753819468736,16.5898,0.3701,-0.3225
1548808753918810367,16.5428,0.3703,-0.3224
1548808754021517992,16.4998,0.3713,-0.3214
1548808754072724580,16.4568,0.3712,-0.3211
1548808754120308399,16.4568,0.3718,-0.3211
1548808754195485353,16.4098,0.3716,-0.3212
1548808754321546792,16.3627,0.3741,-0.3217
1548808754402674198,16.3627,0.3736,-0.3217
1548808754506222486,16.3167,0.3728,-0.3202
1548808754560051679,16.2717,0.3707,-0.3221
1548808754607371091,16.2717,0.3707,-0.3221
1548808754679829359,16.2257,0.3688,-0.3224
1548808754800985813,16.1787,0.3683,-0.3222
1548808754905575513,16.1787,0.3679,-0.3222
1548808755005718469,16.1347,0.3669,-0.3222
1548808755106139421,16.0948,0.365,-0.3208
1548808755163694620,16.0468,0.3632,-0.3213
1548808755286136865,15.9988,0.3618,-0.322
1548808755407791137,15.9987,0.3645,-0.322
1548808755504933357,15.9537,0.3648,-0.3222
1548808755606755018,15.9047,0.3645,-0.3221
1548808755651143074,15.8627,0.3638,-0.3219
1548808755704442977,15.8626,0.3654,-0.3219
1548808755891593217,15.7687,0.3623,-0.3203
1548808756005238294,15.7685,0.3684,-0.3203
1548808756105675697,15.7224,0.3725,-0.3219
1548808756248207807,15.6764,0.3709,-0.3221
1548808756373851537,15.5834,0.3677,-0.3225
1548808756451616525,15.5834,0.3689,-0.3225
1548808756495618581,15.5354,0.3684,-0.3225
1548808756552034139,15.5353,0.3706,-0.3225
1548808756617925643,15.4903,0.3693,-0.3228
1548808756732627391,15.4903,0.3717,-0.3228
1548808756859513044,15.3982,0.3713,-0.3228
1548808756935888290,15.3982,0.3719,-0.3228
1548808757100685596,15.3083,0.368,-0.3237
1548808757217629432,15.3082,0.3691,-0.3237
1548808757344653367,15.2142,0.3662,-0.3241
1548808757416908502,15.2143,0.3646,-0.3241
1548808757466027975,15.1673,0.3621,-0.3239
1548808757517339944,15.1673,0.363,-0.3239
1548808757591659545,15.1193,0.3617,-0.3245
1548808757706564903,15.0724,0.3589,-0.3234
1548808757826658725,15.0284,0.3553,-0.3256
1548808757945655822,14.9864,0.3539,-0.3255
1548808758066063165,14.9864,0.3526,-0.3255
1548808758165230751,14.9404,0.35,-0.3264
1548808758310408353,14.8475,0.3469,-0.326
1548808758362314939,14.8476,0.3423,-0.326
1548808758424918889,14.8475,0.3438,-0.326
1548808758555655241,14.7545,0.3413,-0.3269
1548808758669908761,14.7545,0.3409,-0.3269
1548808758792884588,14.6646,0.3361,-0.3275
1548808758871634721,14.6646,0.3354,-0.3275
1548808759035835981,14.5766,0.3321,-0.3285
1548808759153299808,14.5766,0.3337,-0.3285
1548808759252181768,14.5345,0.3344,-0.3284
1548808759554961681,14.4815,0.3368,-0.3277
1548808759638499498,14.3625,0.3347,-0.3259
1548808759751710414,14.3625,0.3349,-0.3259
1548808759876163244,14.2664,0.3328,-0.3288
1548808759953230142,14.2664,0.3324,-0.3288
1548808760053593873,14.2194,0.3335,-0.3288
1548808760118667840,14.1744,0.3323,-0.3275
1548808760239056348,14.1303,0.3342,-0.3295
1548808760359908580,14.0834,0.3314,-0.3293
1548808760481299877,14.0373,0.3316,-0.3286
1548808760597709894,14.0373,0.3339,-0.3286
1548808760700335979,13.9913,0.3326,-0.329
1548808760839812517,13.8992,0.3325,-0.3286
1548808760942904472,13.8993,0.3313,-0.3286
1548808761044918775,13.8552,0.3318,-0.3284
1548808761144260644,13.8092,0.3307,-0.3279
1548808761201850891,13.7643,0.3304,-0.3258
1548808761321229457,13.7202,0.3297,-0.3274
1548808761445911884,13.6762,0.3292,-0.3273
1548808761547314643,13.6762,0.3291,-0.3273
1548808761645340919,13.6262,0.3281,-0.3281
1548808761746177673,13.5812,0.3299,-0.3273
1548808761920992374,13.4931,0.3286,-0.3287
1548808762044776439,13.447,0.3308,-0.3286
1548808762145314931,13.447,0.3322,-0.3286
1548808762245885848,13.4,0.3308,-0.3288
1548808762406315803,13.3019,0.3297,-0.3293
1548808762445291757,13.3019,0.3315,-0.3293
1548808762526063919,13.257,0.3275,-0.3294
1548808762651700258,13.2089,0.3319,-0.3276
1548808762746811151,13.2088,0.3356,-0.3276
1548808762869460821,13.1607,0.3364,-0.3282
1548808763005258798,13.0736,0.335,-0.3302
1548808763112939834,13.0736,0.3366,-0.3302
1548808763212771892,13.0244,0.3403,-0.3311
1548808763358982563,12.9795,0.3372,-0.3304
1548808763459934234,12.9345,0.3365,-0.3307
1548808763561750173,12.8885,0.3356,-0.3309
1548808763607810735,12.8415,0.3342,-0.3303
1548808763662730216,12.8415,0.3346,-0.3303
1548808763845780134,12.7534,0.3357,-0.3316
1548808763922664880,12.7534,0.336,-0.3316
1548808763969427824,12.7064,0.3348,-0.3316
1548808764064721345,12.7064,0.3348,-0.3316
1548808764167304277,12.6573,0.3349,-0.3324
1548808764330284357,12.5662,0.3346,-0.3329
1548808764448307514,12.5222,0.3358,-0.3336
1548808764569193124,12.479,0.3408,-0.3344
1548808764685993671,12.4319,0.3427,-0.3339
1548808764806438684,12.3859,0.342,-0.3328
1548808764928411483,12.3418,0.3416,-0.3344
1548808765034305334,12.3418,0.3437,-0.3344
1548808765134771823,12.2926,0.3465,-0.3353
1548808765198092699,12.2466,0.3461,-0.3358
1548808765337815046,12.2016,0.346,-0.3355
1548808765413631200,12.1586,0.3457,-0.3355
1548808765527932405,12.1134,0.3478,-0.3361
1548808765602830410,12.1134,0.3479,-0.3361
1548808765647845268,12.0705,0.3459,-0.3355
1548808765743681192,12.0704,0.3475,-0.3355
1548808765888867855,11.9793,0.3479,-0.3373
1548808765946145772,11.9792,0.35,-0.3373
1548808766011617183,11.9333,0.3475,-0.3363
1548808766094346761,11.9333,0.3473,-0.3363
1548808766195278167,11.8882,0.3486,-0.3364
1548808766372103691,11.794,0.3526,-0.3384
1548808766491875648,11.7501,0.3494,-0.3373
1548808766536992311,11.7501,0.35,-0.3373
1548808766617193460,11.705,0.3495,-0.338
1548808766731357336,11.6591,0.348,-0.3366
1548808766842801570,11.659,0.3503,-0.3366
1548808766941066503,11.6148,0.3546,-0.3374
1548808767002830505,11.5698,0.3547,-0.3373
1548808767063067674,11.5697,0.3558,-0.3373
1548808767204160213,11.5247,0.3536,-0.3372
1548808767335850477,11.4277,0.3521,-0.3383
1548808767405321359,11.4276,0.3528,-0.3383
1548808767455387353,11.3826,0.3525,-0.3384
1548808767505907297,11.3826,0.3529,-0.3384
1548808767580481529,11.3356,0.3516,-0.3374
1548808767669187068,11.3354,0.3587,-0.3374
1548808767790776729,11.2912,0.362,-0.3394
1548808767849349260,11.2472,0.3616,-0.3395
1548808767933991670,11.1982,0.36,-0.3394
1548808767987958431,11.1981,0.3616,-0.3394
1548808768057738304,11.1532,0.3596,-0.3385
1548808768177995204,11.107,0.3613,-0.3399
1548808768294003009,11.107,0.3629,-0.3399
1548808768416060447,11.0159,0.3615,-0.3409
1548808768499045133,11.0159,0.3625,-0.3409
1548808768641024589,10.9698,0.3626,-0.3399
1548808768745486497,10.9257,0.3644,-0.3401
1548808768867485284,10.8805,0.3673,-0.3417
1548808768927021980,10.8375,0.3662,-0.3413
1548808769017969846,10.7935,0.3661,-0.3414
1548808769067893028,10.7934,0.3678,-0.3414
1548808769136098623,10.7485,0.3649,-0.3401
1548808769254905939,10.7004,0.3657,-0.3402
1548808769370003223,10.7004,0.3682,-0.3402
1548808769470310688,10.6592,0.37,-0.3415
1548808769570691108,10.614,0.3752,-0.3412
1548808769632282257,10.5689,0.3749,-0.3423
1548808769692000150,10.5689,0.375,-0.3423
1548808769834883213,10.5278,0.3768,-0.3415
1548808769935877084,10.4806,0.3814,-0.3415
1548808769978621959,10.4356,0.38,-0.3428
1548808770059556007,10.4353,0.3866,-0.3428
1548808770199021816,10.3921,0.3912,-0.3432
1548808770322029113,10.345,0.3927,-0.3428
1548808770383345127,10.2988,0.394,-0.3434
1548808770442225694,10.2987,0.3986,-0.3434
1548808770502139329,10.2527,0.3968,-0.3434
1548808770581908464,10.2058,0.3942,-0.3424
1548808770644476175,10.2056,0.3973,-0.3424
1548808770700410127,10.1626,0.3967,-0.343
1548808770821551322,10.1175,0.3971,-0.3431
1548808770908486127,10.1172,0.4056,-0.3431
1548808770969986200,10.0732,0.4045,-0.3428
1548808771029707431,10.073,0.4075,-0.3428
1548808771088109493,10.0298,0.411,-0.3438
1548808771149772405,10.0298,0.4117,-0.3438
1548808771209239959,9.9845,0.4162,-0.3435
1548808771330583572,9.9424,0.4182,-0.3437
1548808771388274192,9.9422,0.4222,-0.3437
1548808771449877977,9.895,0.4247,-0.3435
1548808771509953260,9.895,0.4259,-0.3435
1548808771568501949,9.8528,0.4294,-0.3439
1548808771629680633,9.8527,0.4312,-0.3439
1548808771689877748,9.8525,0.4349,-0.3439
1548808771809820652,9.8523,0.4391,-0.3439
1548808771876205921,9.7323,0.4344,-0.3441
1548808771949506282,9.732,0.4421,-0.3441
1548808771999721050,9.677,0.4392,-0.3442
1548808772070937633,9.6767,0.4457,-0.3442
1548808772120431184,9.6357,0.4447,-0.344
1548808772190778017,9.6353,0.4536,-0.344
1548808772311084747,9.59,0.4587,-0.3444
1548808772362438201,9.544,0.4563,-0.3449
1548808772431145429,9.5437,0.462,-0.3449
1548808772481513977,9.4968,0.4576,-0.3453
1548808772572177886,9.4969,0.4567,-0.3453
1548808772674222946,9.4489,0.4534,-0.3454
1548808772837889432,9.4042,0.4455,-0.346
1548808772896964788,9.3563,0.4425,-0.3457
1548808772957206726,9.3564,0.4388,-0.3457
1548808773085696935,9.2636,0.4329,-0.3456
1548808773161449193,9.2637,0.4297,-0.3456
1548808773325244188,9.1719,0.4237,-0.3443
1548808773446717500,9.126,0.4181,-0.3446
1548808773568021297,9.0813,0.4108,-0.3452
1548808773646586656,9.0814,0.4087,-0.3452
1548808773689106464,9.0354,0.4063,-0.3454
1548808773812039613,8.9876,0.4003,-0.345
1548808773910186767,8.9877,0.3965,-0.345
1548808774012775421,8.944,0.3894,-0.3455
1548808774075108289,8.8991,0.3853,-0.3455
1548808774135814189,8.8992,0.3827,-0.3455
1548808774195196628,8.8522,0.3802,-0.3451
1548808774314645528,8.8084,0.3739,-0.3451
1548808774375568628,8.8084,0.3732,-0.3451
1548808774435506343,8.7646,0.3674,-0.3451
1548808774494130134,8.7646,0.3673,-0.3451
1548808774537144422,8.7166,0.3648,-0.345
1548808774615078687,8.7169,0.359,-0.345
1548808774658975124,8.6698,0.3575,-0.3458
1548808774734906673,8.6701,0.3521,-0.3458
1548808774900089025,8.5811,0.3479,-0.3449
1548808774945152521,8.5812,0.3466,-0.3449
1548808775021244525,8.5352,0.3436,-0.3448
1548808775142044782,8.5354,0.3387,-0.3448
1548808775239904165,8.4926,0.332,-0.3454
1548808775385665178,8.4018,0.3251,-0.3446
1548808775506777048,8.4019,0.3201,-0.3446
1548808775606677293,8.3561,0.3145,-0.3443
1548808775668941736,8.3121,0.3129,-0.3437
1548808775810289859,8.2662,0.3085,-0.3435
1548808775873229503,8.2213,0.3064,-0.3424
1548808775933237314,8.2214,0.3025,-0.3424
1548808775994074106,8.1784,0.301,-0.3433
1548808776074172258,8.1785,0.2985,-0.3433
1548808776114530801,8.1345,0.2969,-0.3431
1548808776178292989,8.1346,0.2921,-0.3431
1548808776301184654,8.0898,0.2863,-0.3417
1548808776361836910,8.0468,0.2855,-0.3419
1548808776478154897,8.0009,0.2806,-0.3418
1548808776594335079,7.958,0.2758,-0.342
1548808776669296741,7.9581,0.2709,-0.342
1548808776789228439,7.9112,0.2672,-0.3415
1548808776836814880,7.8663,0.2648,-0.3413
1548808776909156799,7.8664,0.2616,-0.3413
1548808776959825992,7.8224,0.2604,-0.34
1548808777028481006,7.8226,0.2546,-0.34
1548808777078419446,7.7745,0.2539,-0.3399
1548808777149180650,7.7746,0.2526,-0.3399
1548808777199128866,7.7316,0.2495,-0.3402
1548808777317942619,7.6857,0.2455,-0.3398
1548808777390440464,7.6858,0.2431,-0.3398
1548808777438212156,7.6427,0.2418,-0.3398
1548808777537300109,7.6427,0.2437,-0.3398
1548808777637375116,7.5947,0.2412,-0.339
1548808777737670421,7.5487,0.2409,-0.338
1548808777925081253,7.4496,0.2373,-0.3398
1548808778036206960,7.4495,0.2386,-0.3398
1548808778134290456,7.4084,0.2393,-0.3406
1548808778293201208,7.3124,0.2377,-0.3393
1548808778408352375,7.2661,0.2404,-0.3409
1548808778483194351,7.2661,0.2401,-0.3409
1548808778529665708,7.2192,0.2388,-0.34
1548808778657153606,7.171,0.239,-0.3407
1548808778773208856,7.125,0.2367,-0.3406
1548808778892167568,7.0788,0.2402,-0.3411
1548808778988115787,7.0789,0.2378,-0.3411
1548808779084208965,7.0328,0.2384,-0.3411
1548808779130339860,6.9889,0.2342,-0.341
1548808779186687946,6.9889,0.2339,-0.341
1548808779375854253,6.8998,0.2325,-0.3413
1548808779487605571,6.8997,0.233,-0.3413
1548808779585505008,6.8557,0.2313,-0.3417
1548808779688234806,6.8107,0.2304,-0.3408
1548808779861737966,6.7207,0.2286,-0.3391
1548808779989264965,6.6783,0.2327,-0.3412
1548808780049324035,6.6782,0.2369,-0.3412
1548808780109268426,6.6312,0.2331,-0.3412
1548808780227018833,6.587,0.2363,-0.3413
1548808780345325231,6.5389,0.2359,-0.3428
1548808780398221969,6.5387,0.2399,-0.3428
1548808780465397357,6.4929,0.2342,-0.3416
1548808780539796590,6.4928,0.2367,-0.3416
1548808780585997104,6.4467,0.2351,-0.3421
1548808780644199132,6.4468,0.2339,-0.3421
1548808780703187704,6.4028,0.2337,-0.3412
1548808780826859951,6.3548,0.2325,-0.3401
1548808780945841073,6.3546,0.2367,-0.3401
1548808781066224813,6.2625,0.2315,-0.3412
1548808781191612243,6.2167,0.2305,-0.3377
1548808781309260845,6.1694,0.2306,-0.3414
1548808781392969131,6.1694,0.2307,-0.3414
1548808781491200923,6.1211,0.2333,-0.3416
1548808781557543277,6.0782,0.2296,-0.3412
1548808781671834468,6.0331,0.2292,-0.3413
1548808781794439077,5.986,0.2295,-0.3417
1548808781899864435,5.9859,0.2322,-0.3417
1548808782001606702,5.9407,0.2337,-0.3419
1548808782065254688,5.8935,0.2347,-0.3418
1548808782156307697,5.8486,0.2299,-0.3426
1548808782282321453,5.8055,0.2302,-0.341
1548808782397598743,5.7606,0.2274,-0.3407
1548808782508946418,5.7605,0.2288,-0.3407
1548808782610039472,5.7191,0.2319,-0.343
1548808782672631025,5.6851,0.2308,-0.3429
1548808782874621868,5.6479,0.2316,-0.3431
1548808782975323677,5.6088,0.2317,-0.343
1548808783037505626,5.5717,0.2319,-0.3441
1548808783098956584,5.5716,0.2331,-0.3441
1548808783157579183,5.5366,0.2316,-0.344
1548808783241357326,5.4995,0.2301,-0.3441
1548808783364449977,5.4684,0.2314,-0.3436
1548808783484992742,5.4404,0.2294,-0.3436
1548808783600306272,5.4403,0.233,-0.3436
1548808783663565397,5.4151,0.2346,-0.3444
1548808783864321231,5.3862,0.2324,-0.3435
1548808783968687772,5.3861,0.2336,-0.3435
1548808784216233015,5.319,0.2315,-0.3436
1548808784368344783,5.2648,0.2311,-0.3445
1548808784417747259,5.2398,0.229,-0.3451
1548808784469553232,5.2397,0.2303,-0.3451
1548808784541388034,5.2118,0.2293,-0.3435
1548808784656367063,5.1885,0.231,-0.3459
1548808784729784250,5.1884,0.2313,-0.3459
1548808784870671033,5.1614,0.2303,-0.3457
1548808784974636077,5.1363,0.2308,-0.3459
1548808785074948072,5.1142,0.232,-0.346
1548808785138617277,5.0871,0.2303,-0.3464
1548808785221432685,5.0871,0.2302,-0.3464
1548808785371641397,5.039,0.23,-0.3463
1548808785491925716,5.0119,0.2287,-0.3468
1548808785611243486,4.9888,0.2298,-0.3459
1548808785730015754,4.9887,0.2329,-0.3459
1548808785852459430,4.9396,0.2299,-0.3466
1548808785933461904,4.9396,0.2312,-0.3466
1548808786037625789,4.9164,0.2324,-0.3468
1548808786084945678,4.8904,0.2306,-0.3466
1548808786205395936,4.8664,0.2284,-0.3473
1548808786322607755,4.8424,0.2281,-0.3464
1548808786444915533,4.8202,0.2276,-0.3475
1548808786544465780,4.8203,0.2269,-0.3475
1548808786643677949,4.7942,0.2263,-0.3478
1548808786742470502,4.7691,0.2261,-0.3476
1548808786907697677,4.7479,0.2285,-0.3475
1548808786967571258,4.7247,0.2288,-0.3491
1548808787026397466,4.7246,0.23,-0.3491
1548808787087392330,4.7006,0.2297,-0.3486
1548808787163954257,4.6757,0.2279,-0.3473
1548808787284409761,4.6535,0.2284,-0.3479
1548808787330443382,4.6535,0.2295,-0.3479
1548808787407872200,4.6254,0.2283,-0.3481
1548808787517095565,4.6253,0.2299,-0.3481
1548808787616438865,4.6021,0.2312,-0.349
1548808787679934740,4.5779,0.2317,-0.3495
1548808787882157325,4.528,0.2284,-0.3486
1548808787985596418,4.5279,0.2302,-0.3486
1548808788082150697,4.5027,0.2314,-0.3492
1548808788225097656,4.4757,0.2297,-0.3489
1548808788360080718,4.4264,0.23,-0.3488
1548808788479863405,4.3993,0.2294,-0.3494
1548808788530530929,4.3992,0.2302,-0.3494
1548808788600802421,4.3753,0.2288,-0.3486
1548808788842149734,4.325,0.2293,-0.3485
1548808788963881969,4.304,0.2285,-0.3479
1548808789082248926,4.3039,0.2305,-0.3479
1548808789142655134,4.2858,0.23,-0.3489
1548808789204182863,4.2627,0.2285,-0.3491
1548808789319603919,4.2456,0.2284,-0.3495
1548808789390671253,4.2456,0.228,-0.3495
1548808789437860250,4.2305,0.2278,-0.3499
1548808789488669872,4.2304,0.2305,-0.3499
1548808789562944412,4.2155,0.2295,-0.349
1548808789651600360,4.2152,0.2341,-0.349
1548808789794115543,4.199,0.2338,-0.3512
1548808789912844657,4.163,0.2309,-0.3506
1548808789994208097,4.1631,0.2281,-0.3506
1548808790031535625,4.134,0.2273,-0.3514
1548808790117039442,4.134,0.2266,-0.3514
1548808790259009599,4.1071,0.2247,-0.3505
1548808790390277862,4.047,0.2206,-0.3501
1548808790515554666,4.0189,0.2187,-0.351
1548808790630074262,3.986,0.2152,-0.3495
1548808790742600679,3.986,0.2152,-0.3495
1548808790868660211,3.9298,0.2113,-0.3514
1548808790943565607,3.9298,0.2113,-0.3514
1548808790986697673,3.9041,0.2066,-0.3483
1548808791045476913,3.9043,0.2032,-0.3483
1548808791108961105,3.904,0.209,-0.3483
1548808791167166709,3.8739,0.2052,-0.3506
1548808791308809995,3.8479,0.2036,-0.3499
1548808791410644769,3.8178,0.2014,-0.3499
1548808791467720270,3.7897,0.2005,-0.3498
1548808791511540412,3.7897,0.2007,-0.3498
1548808791588368654,3.7616,0.2002,-0.3497
1548808791710099935,3.7362,0.202,-0.3516
1548808791833850383,3.705,0.2027,-0.3511
1548808791891923427,3.7048,0.2058,-0.3511
1548808791954167127,3.6817,0.2044,-0.3515
1548808792011928796,3.6816,0.2068,-0.3515
1548808792073092937,3.6485,0.2044,-0.3515
1548808792132725238,3.6484,0.2065,-0.3515
1548808792194384813,3.6192,0.2062,-0.3521
1548808792313107490,3.5878,0.2078,-0.3528
1548808792371162652,3.5876,0.2112,-0.3528
1548808792433603048,3.5575,0.2098,-0.3532
1548808792492453336,3.5572,0.2141,-0.3532
1548808792554918050,3.5241,0.2128,-0.3532
1548808792611594200,3.5236,0.2205,-0.3532
1548808792674322366,3.5257,0.2176,-0.3537
1548808792790529251,3.5144,0.2223,-0.3537
1548808792876687049,3.514,0.2284,-0.3537
1548808792937751531,3.5049,0.2284,-0.354
1548808793026765823,3.4947,0.2266,-0.3558
1548808793077516317,3.4947,0.2274,-0.3558
1548808793144842147,3.4928,0.2272,-0.3547
1548808793265884876,3.4928,0.2271,-0.3551
1548808793380639791,3.4928,0.2268,-0.3551
1548808793482937574,3.4938,0.2265,-0.3552
1548808793582127094,3.4938,0.2267,-0.3552
1548808793681248426,3.4938,0.2267,-0.3552
1548808793862595796,3.4948,0.2265,-0.3552
1548808793978843927,3.4948,0.2263,-0.3552
1548808794080784797,3.4989,0.2253,-0.3552
1548808794181306600,3.5082,0.2217,-0.3548
1548808794343589305,3.5354,0.2235,-0.3538
1548808794463647127,3.5504,0.2232,-0.3547
1548808794554557085,3.5507,0.2184,-0.3547
1548808794611918926,3.564,0.2166,-0.3538
1548808794672871589,3.5641,0.2156,-0.3538
1548808794793047666,3.5794,0.214,-0.3529
1548808794854586362,3.5915,0.2134,-0.3528
1548808794913098573,3.5916,0.2119,-0.3528
1548808794972907781,3.5988,0.2101,-0.3525
1548808795033449411,3.5989,0.2073,-0.3525
1548808795093059778,3.6031,0.2056,-0.352
1548808795153367519,3.6032,0.2039,-0.352
1548808795213102817,3.6073,0.2032,-0.3516
1548808795413828372,3.6093,0.2042,-0.3515
1548808795516782760,3.6083,0.2039,-0.3518
1548808795617652416,3.6083,0.2041,-0.3518
1548808795717851161,3.6082,0.2043,-0.3517
1548808795899597406,3.597,0.2068,-0.352
1548808795979099988,3.5968,0.2096,-0.352
1548808796039006233,3.5847,0.2106,-0.3525
1548808796099632024,3.5846,0.2117,-0.3525
1548808796160095214,3.5845,0.2141,-0.3525
1548808796220199823,3.5844,0.2153,-0.3525
1548808796339698791,3.5842,0.2176,-0.3525
1548808796398965835,3.5531,0.2167,-0.3524
1548808796459708213,3.553,0.2191,-0.3524
1548808796520785093,3.5398,0.2197,-0.3529
1548808796578915596,3.5397,0.2208,-0.3529
1548808796639639377,3.5256,0.2212,-0.353
1548808796699086666,3.5254,0.2238,-0.353
1548808796820693492,3.5121,0.2264,-0.3533
1548808796879132509,3.4989,0.2271,-0.3539
1548808796938647985,3.4988,0.2298,-0.3539
1548808796999292373,3.4856,0.2307,-0.3542
1548808797059496402,3.4855,0.2313,-0.3542
1548808797119715929,3.4684,0.2303,-0.3543
1548808797179356575,3.4683,0.232,-0.3543
1548808797311815738,3.4553,0.2309,-0.3547
1548808797380831480,3.4552,0.2316,-0.3547
1548808797431711196,3.4512,0.2315,-0.3548
1548808797482624769,3.4512,0.2316,-0.3548
1548808797559805154,3.4522,0.2317,-0.3548
1548808797670404672,3.4418,0.2358,-0.355
1548808797790363550,3.4384,0.241,-0.3552
1548808797864966154,3.438,0.2464,-0.3552
1548808797908704996,3.4381,0.2457,-0.3553
1548808797985971450,3.4379,0.2485,-0.3553
1548808798029717445,3.4368,0.2484,-0.3556
1548808798149606227,3.4337,0.2492,-0.3558
1548808798268411159,3.4286,0.2515,-0.355
1548808798391703367,3.4252,0.2557,-0.3558
1548808798451820373,3.4249,0.2593,-0.3558
1548808798512799501,3.417,0.2577,-0.3556
1548808798572411537,3.4168,0.2598,-0.3556
1548808798631964206,3.4058,0.2587,-0.356
1548808798748723506,3.3956,0.259,-0.3564
1548808798864897012,3.3856,0.259,-0.356
1548808798977542877,3.3854,0.2613,-0.356
1548808799102716445,3.3482,0.2588,-0.3567
1548808799157648324,3.3482,0.2588,-0.3567
1548808799221820831,3.3311,0.2589,-0.3565
1548808799341130018,3.3157,0.2603,-0.3574
1548808799424680233,3.3156,0.2628,-0.3574
1548808799484783411,3.3026,0.2618,-0.3569
1548808799544756412,3.3024,0.2639,-0.3569
1548808799685002803,3.2913,0.2638,-0.3569
1548808799820046424,3.2731,0.2634,-0.3572
1548808799940197467,3.267,0.2641,-0.3573
1548808800014189243,3.2669,0.2651,-0.3573
1548808800061509370,3.2549,0.2649,-0.3566
1548808800115808010,3.2547,0.2683,-0.3566
1548808800182093858,3.2546,0.2685,-0.3566
1548808800300303936,3.2452,0.2709,-0.3577
1548808800360041618,3.237,0.2723,-0.3579
1548808800419657945,3.2369,0.2741,-0.3579
1548808800479246377,3.2278,0.2739,-0.3581
1548808800540015459,3.2278,0.274,-0.3581
1548808800598916292,3.2207,0.274,-0.3583
1548808800668918132,3.2126,0.2737,-0.3583
1548808800787955999,3.2045,0.2745,-0.3578
1548808800843754768,3.2044,0.2764,-0.3578
1548808800905794858,3.2043,0.2772,-0.3578
1548808800965617179,3.1951,0.2778,-0.3585
1548808801025024175,3.195,0.2791,-0.3585
1548808801085340976,3.1829,0.2787,-0.3582
1548808801145025014,3.1828,0.2804,-0.3582
1548808801204957723,3.1667,0.2787,-0.3582
1548808801325484991,3.1545,0.2789,-0.3589
1548808801397949218,3.1364,0.2772,-0.3593
1548808801466205358,3.1364,0.2781,-0.3593
1548808801518273115,3.1211,0.2781,-0.3605
1548808801569292783,3.1208,0.2816,-0.3605
1548808801632466077,3.1205,0.2846,-0.3605
1548808801691635131,3.107,0.2864,-0.3616
1548808801811872482,3.0938,0.2865,-0.3621
1548808801872967481,3.0938,0.2865,-0.3621
1548808802001883029,3.0677,0.2849,-0.3621
1548808802116951465,3.0676,0.2861,-0.3621
1548808802217841863,3.0553,0.2872,-0.3621
1548808802339691638,3.042,0.2881,-0.3628
1548808802400939464,3.0279,0.2872,-0.3629
1548808802460393190,3.0279,0.2881,-0.3629
1548808802519878387,3.0157,0.2879,-0.3634
1548808802580971240,3.0156,0.2888,-0.3634
1548808802639931917,2.9995,0.2883,-0.3632
1548808802700282812,2.9994,0.2889,-0.3632
1548808802819826602,2.9872,0.2899,-0.3633
1548808802880145549,2.9719,0.2905,-0.3633
1548808802939834594,2.9718,0.2913,-0.3633
1548808802999022006,2.9586,0.2915,-0.3633
1548808803059994935,2.9585,0.2928,-0.3633
1548808803120393037,2.9444,0.2924,-0.3635
1548808803180038928,2.9442,0.2945,-0.3635
1548808803300421953,2.9299,0.2956,-0.3631
1548808803439869403,2.9166,0.2966,-0.3634
1548808803503259897,2.9005,0.2962,-0.3632
1548808803562803506,2.9004,0.2971,-0.3632
1548808803622380256,2.8883,0.2965,-0.363
1548808803683168411,2.8882,0.2977,-0.363
1548808803804175376,2.8729,0.2991,-0.3628
1548808803863350629,2.8578,0.2982,-0.3627
1548808803923856496,2.8578,0.2981,-0.3627
1548808803982920408,2.8436,0.2977,-0.3627
1548808804042329072,2.8433,0.3007,-0.3627
1548808804103175640,2.8262,0.2994,-0.363
1548808804165029287,2.8261,0.3003,-0.363
1548808804283797740,2.8107,0.3017,-0.3632
1548808804343278408,2.7955,0.302,-0.3632
1548808804403861999,2.7953,0.3033,-0.3632
1548808804463596582,2.7791,0.3018,-0.3647
1548808804522038698,2.7789,0.3031,-0.3647
1548808804583074808,2.7617,0.3035,-0.3646
1548808804643890380,2.7616,0.3043,-0.3646
1548808804703820466,2.7463,0.3041,-0.3651
1548808804822149276,2.7309,0.306,-0.365
1548808804883029699,2.7307,0.3075,-0.365
1548808804943891048,2.7155,0.3071,-0.3653
1548808805004046440,2.7153,0.3084,-0.3653
1548808805063792705,2.6993,0.3077,-0.3645
1548808805123838186,2.699,0.3102,-0.3645
1548808805183196306,2.6808,0.3096,-0.3646
1548808805302866458,2.6664,0.3104,-0.3652
1548808805363489866,2.6662,0.3118,-0.3652
1548808805424299001,2.649,0.3107,-0.3655
1548808805492003679,2.632,0.3077,-0.3665
1548808805565082550,2.6319,0.3079,-0.3665
1548808805612402677,2.6186,0.3077,-0.3677
1548808805667132616,2.6182,0.3108,-0.3677
1548808805830291509,2.6007,0.3211,-0.3674
1548808805890280723,2.5831,0.3207,-0.3703
1548808805949515819,2.5831,0.3201,-0.3703
1548808806010677337,2.5638,0.3198,-0.3706
1548808806070121049,2.5637,0.3206,-0.3706
1548808806130897998,2.5474,0.3199,-0.371
1548808806191729307,2.5472,0.3218,-0.371
1548808806310025930,2.5286,0.3233,-0.3714
1548808806370851993,2.5091,0.3235,-0.372
1548808806429597616,2.509,0.3249,-0.372
1548808806490236997,2.4907,0.3236,-0.3723
1548808806551122903,2.4905,0.3252,-0.3723
1548808806610935211,2.4712,0.3241,-0.3726
1548808806669303178,2.4711,0.325,-0.3726
1548808806790425539,2.4546,0.3267,-0.3726
1548808806850949287,2.4341,0.3268,-0.3727
1548808806910835504,2.4338,0.3292,-0.3727
1548808806970317840,2.4156,0.3274,-0.3734
1548808807030175447,2.4153,0.3291,-0.3734
1548808807090762853,2.397,0.3287,-0.3734
1548808807149183511,2.3969,0.3294,-0.3734
1548808807188106060,2.3808,0.3272,-0.3737
1548808807307671308,2.3612,0.3282,-0.3741
1548808807389195680,2.3605,0.3333,-0.3741
1548808807450360536,2.3432,0.3323,-0.3748
1548808807509097099,2.3429,0.334,-0.3748
1548808807571099758,2.3244,0.3342,-0.375
1548808807629730463,2.3242,0.3357,-0.375
1548808807671965837,2.3053,0.3328,-0.3747
1548808807791610956,2.2845,0.3345,-0.3751
1548808807870873451,2.2836,0.3402,-0.3751
1548808807929641008,2.2642,0.3393,-0.3756
1548808807989388465,2.2637,0.3427,-0.3756
1548808808033162832,2.2426,0.3393,-0.376
1548808808110146760,2.2422,0.342,-0.376
1548808808153703689,2.225,0.3396,-0.3768
1548808808229162931,2.2241,0.3453,-0.3768
1548808808350072383,2.2033,0.3476,-0.3766
1548808808410173177,2.2026,0.3518,-0.3766
1548808808469960212,2.2022,0.3543,-0.3766
1548808808590459585,2.1992,0.3727,-0.3766
1548808808650153398,2.1476,0.3546,-0.3772
1548808808711696147,2.1477,0.3539,-0.3772
1548808808995280265,2.0753,0.3534,-0.3792
1548808809075956106,2.0744,0.3591,-0.3792
1548808809136054754,2.0744,0.359,-0.3792
1548808809176078796,2.0442,0.3539,-0.3798
1548808809295073986,2.0249,0.3569,-0.3808
1548808809375958442,2.0236,0.3643,-0.3808
1548808809436914920,2.0052,0.363,-0.3808
1548808809496216297,2.0046,0.3666,-0.3808
1548808809557442903,1.9836,0.3682,-0.3807
1548808809616086483,1.9833,0.3701,-0.3807
1548808809676132202,1.9683,0.3612,-0.3809
1548808809796617507,1.9697,0.3533,-0.3809
1548808809855762481,1.9709,0.3536,-0.3802
1548808809915905952,1.9714,0.3506,-0.3802
1548808810045231819,1.9649,0.3503,-0.3765
1548808810137952804,1.9654,0.3475,-0.3765
1548808810201668024,1.9611,0.3443,-0.375
1548808810320060491,1.9601,0.3396,-0.374
1548808810380867242,1.9605,0.337,-0.374
1548808810440402984,1.9525,0.3318,-0.3716
1548808810501269817,1.9531,0.3285,-0.3716
1548808810561467409,1.9418,0.3246,-0.3696
1548808810620006084,1.942,0.3231,-0.3696
1548808810681900024,1.9293,0.3214,-0.3672
1548808810801719188,1.9186,0.3136,-0.3654
1548808810861153602,1.9187,0.3131,-0.3654
1548808810910427808,1.9109,0.3119,-0.3639
1548808810981309175,1.9111,0.3105,-0.3639
1548808811029242277,1.9024,0.3085,-0.3625
1548808811101488113,1.9027,0.3067,-0.3625
1548808811149827957,1.8949,0.3055,-0.3615
1548808811220095157,1.8951,0.3042,-0.3615
1548808811341275215,1.8864,0.3016,-0.3608
1548808811387796401,1.8764,0.3001,-0.3601
1548808811460156202,1.8765,0.2994,-0.3601
1548808811507144451,1.8685,0.2983,-0.3602
1548808811604057073,1.8683,0.2992,-0.3602
1548808811705610513,1.857,0.3002,-0.3593
1548808811828350305,1.8475,0.3019,-0.3592
1548808811889164447,1.8401,0.3029,-0.3589
1548808811948811531,1.8398,0.3047,-0.3589
1548808812009791851,1.8314,0.3052,-0.3592
1548808812068130731,1.8311,0.3073,-0.3592
1548808812110314130,1.825,0.3063,-0.3596
1548808812188128948,1.8242,0.311,-0.3596
1548808812309017658,1.814,0.3154,-0.3601
1548808812368509292,1.8051,0.3174,-0.3613
1548808812429827213,1.8045,0.3212,-0.3613
1548808812488056182,1.7943,0.3238,-0.363
1548808812549182653,1.7936,0.328,-0.363
1548808812610559701,1.7835,0.3304,-0.3644
1548808812668943881,1.7828,0.3342,-0.3644
1548808812789257049,1.779,0.3422,-0.3656
1548808812849269866,1.7779,0.3474,-0.3656
1548808812908869981,1.7716,0.3515,-0.3671
1548808812968483209,1.7706,0.3568,-0.3671
1548808813028495073,1.7642,0.3609,-0.369
1548808813088449478,1.763,0.3664,-0.369
1548808813149368762,1.7574,0.3713,-0.3712
1548808813208854198,1.7561,0.3772,-0.3712
1548808813328670978,1.7483,0.3912,-0.3738
1548808813389374732,1.7423,0.4008,-0.377
1548808813447854518,1.7382,0.418,-0.377
1548808813508650779,1.7395,0.4127,-0.377
1548808813567080259,1.7283,0.4088,-0.3841
1548808813642221450,1.7248,0.4095,-0.3851
1548808813710428953,1.7241,0.4125,-0.3851
1548808813833977937,1.7163,0.4146,-0.3845
1548808813882177352,1.7104,0.413,-0.3844
1548808813953561544,1.7097,0.4163,-0.3844
1548808814013763904,1.7091,0.4187,-0.3844
1548808814062290191,1.6981,0.416,-0.3846
1548808814133317947,1.6971,0.4202,-0.3846
1548808814182338953,1.6921,0.4188,-0.3849
1548808814301263809,1.6852,0.4207,-0.3849
1548808814373719215,1.6844,0.4242,-0.3849
1548808814422265529,1.6764,0.4224,-0.3847
1548808814493877410,1.6754,0.4263,-0.3847
1548808814543877840,1.6676,0.4241,-0.3846
1548808814614906072,1.6666,0.4277,-0.3846
1548808814664826393,1.6587,0.4258,-0.3844
1548808814794224977,1.6496,0.4279,-0.3846
1548808814852826118,1.6484,0.4328,-0.3846
1548808814916298866,1.6384,0.4305,-0.3845
1548808814973576307,1.6367,0.4369,-0.3845
1548808815035919666,1.6279,0.4343,-0.3844
1548808815094211816,1.6264,0.4397,-0.3844
1548808815155230045,1.6165,0.4366,-0.3849
1548808815214409828,1.6153,0.441,-0.3849
1548808815334533691,1.6032,0.4428,-0.3846
1548808815396704673,1.6025,0.4452,-0.3846
1548808815452267885,1.592,0.4446,-0.3845
1548808815513534784,1.5913,0.4472,-0.3845
1548808815574379205,1.5824,0.4481,-0.385
1548808815633890867,1.5815,0.4515,-0.385
1548808815694649696,1.5707,0.4521,-0.3847
1548808815813370704,1.5614,0.4543,-0.3852
1548808815872907876,1.5608,0.4561,-0.3852
1548808815934002161,1.5504,0.4555,-0.3849
1548808815994210958,1.5497,0.4578,-0.3849
1548808816054221630,1.5392,0.4573,-0.3845
1548808816113900184,1.5385,0.4595,-0.3845
1548808816173549890,1.528,0.459,-0.3843
1548808816294292449,1.5166,0.4614,-0.3842
1548808816354220867,1.5155,0.4648,-0.3842
1548808816414213657,1.5066,0.4655,-0.3846
1548808816472414970,1.5056,0.4689,-0.3846
1548808816533749341,1.496,0.4684,-0.3847
1548808816593781232,1.4954,0.4702,-0.3847
1548808816653587818,1.4857,0.4668,-0.3845
1548808816720381259,1.4836,0.4662,-0.3853
1548808816872224807,1.4744,0.4655,-0.384
1548808816989342689,1.4662,0.4639,-0.384
1548808817058309793,1.4661,0.4644,-0.384
1548808817109348535,1.4633,0.4633,-0.3837
1548808817180299758,1.4631,0.4638,-0.3837
1548808817321310281,1.4603,0.4627,-0.3834
1548808817422897100,1.4557,0.4606,-0.3828
1548808817585599899,1.4561,0.4621,-0.3835
1548808817707581043,1.4488,0.4619,-0.3828
1548808817829955101,1.4428,0.4614,-0.3817
1548808817888252258,1.4416,0.4649,-0.3817
1548808817950320243,1.4293,0.4612,-0.3796
1548808818009042024,1.4267,0.4692,-0.3796
1548808818069077730,1.4234,0.4791,-0.3796
1548808818128433942,1.42,0.4891,-0.3796
1548808818189512968,1.3859,0.4884,-0.3772
1548808818308999538,1.3661,0.4845,-0.3748
1548808818368994474,1.3651,0.4872,-0.3748
1548808818428645372,1.3533,0.4875,-0.3733
1548808818489279747,1.3511,0.4935,-0.3733
1548808818549286365,1.3349,0.4932,-0.3725
1548808818608909368,1.3333,0.4978,-0.3725
1548808818646299600,1.3222,0.4925,-0.3717
1548808818729037284,1.3206,0.4967,-0.3717
1548808818848618745,1.3095,0.5004,-0.3711
1548808818908771276,1.3084,0.5031,-0.3711
1548808818968394517,1.297,0.5017,-0.3704
1548808819029412508,1.2958,0.5047,-0.3704
1548808819088922739,1.2861,0.5042,-0.37
1548808819148442983,1.2853,0.5064,-0.37
1548808819208422422,1.2779,0.5056,-0.3698
1548808819311875820,1.2683,0.5044,-0.3699
1548808819387932062,1.2665,0.5088,-0.3699
1548808819432641744,1.2607,0.5063,-0.3702
1548808819508243799,1.2593,0.5097,-0.3702
1548808819554501056,1.2545,0.5077,-0.3704
1548808819629299402,1.2533,0.5106,-0.3704
1548808819689033746,1.2529,0.5116,-0.3704
1548808819809020042,1.2481,0.5122,-0.3707
1548808819869306564,1.2438,0.5116,-0.3707
1548808819929385423,1.2434,0.5127,-0.3707
1548808819989341020,1.2398,0.5125,-0.3718
1548808820047922611,1.2392,0.514,-0.3718
1548808820109219789,1.237,0.5129,-0.3731
1548808820169448137,1.238,0.5104,-0.3731
1548808820288200139,1.2403,0.512,-0.3743
1548808820348242759,1.2403,0.5122,-0.3743
1548808820479276657,1.2391,0.5105,-0.3769
1548808820592909336,1.2399,0.5084,-0.3769
1548808820654847860,1.2405,0.507,-0.3769
1548808820715463399,1.241,0.5059,-0.3769
1548808820835461139,1.2421,0.5031,-0.3769
1548808820895231962,1.2447,0.5025,-0.3837
1548808820954602241,1.2453,0.501,-0.3837
1548808821015663623,1.2483,0.5017,-0.3878
1548808821075394153,1.2483,0.5017,-0.3878
1548808821136334419,1.2476,0.5034,-0.3878
1548808821196268320,1.2478,0.5028,-0.3878
1548808821375564813,1.2853,0.5195,-0.408
1548808821435681104,1.285,0.5202,-0.408
1548808821484202146,1.2812,0.5178,-0.4125
1548808821639556169,1.2805,0.5195,-0.4125
1548808821700437307,1.2438,0.5056,-0.4039
1548808821862106800,1.2412,0.5121,-0.4039
1548808821922696590,1.2399,0.5153,-0.4039
1548808821985525608,1.2378,0.5177,-0.4037
1548808822042651653,1.2351,0.5239,-0.4037
1548808822102300405,1.232,0.5313,-0.4037
1548808822161858797,1.2299,0.5361,-0.4037
1548808822222919464,1.2304,0.535,-0.4037
1548808822363430976,1.2314,0.5326,-0.4037
1548808822425476789,1.2309,0.5338,-0.4037
1548808822554552316,1.2075,0.5257,-0.385
1548808822630333185,1.2073,0.5262,-0.385
1548808822674237012,1.2075,0.5258,-0.3849
1548808822795428037,1.2083,0.5263,-0.3851
1548808822890628814,1.2082,0.5267,-0.3851
1548808822992863655,1.2062,0.5265,-0.3844
1548808823036425113,1.2061,0.5267,-0.3843
1548808823094222307,1.206,0.5271,-0.3843
1548808823156797885,1.2078,0.5277,-0.3849
1548808823256413698,1.2072,0.5291,-0.3849
1548808823376350164,1.2041,0.5291,-0.384
1548808823434411525,1.2066,0.5306,-0.3848
1548808823495213508,1.2064,0.5311,-0.3848
1548808823557395458,1.2046,0.5304,-0.3841
1548808823639353513,1.2028,0.5296,-0.3835
1548808823697051048,1.2028,0.5298,-0.3835
1548808823880636930,1.205,0.5316,-0.3847
1548808823999142885,1.2046,0.5325,-0.3847
1548808824061549901,1.2018,0.5317,-0.3841
1548808824123741149,1.2016,0.5319,-0.3841
1548808824182220220,1.2006,0.5318,-0.384
1548808824363565683,1.2021,0.5332,-0.3845
1548808824489584684,1.2006,0.534,-0.3843
1548808824559587240,1.2004,0.5347,-0.3843
1548808824609802961,1.1986,0.5338,-0.3838
1548808824669025182,1.1981,0.5351,-0.3838
1548808824789198875,1.1983,0.5367,-0.3842
1548808824850913286,1.1975,0.5362,-0.384
1548808824907596349,1.1971,0.5371,-0.384
1548808824969626426,1.1971,0.5369,-0.3842
1548808825090133905,1.1951,0.5366,-0.3838
1548808825212661266,1.1929,0.5363,-0.384
1548808825330889701,1.1915,0.5367,-0.3842
1548808825435847520,1.1912,0.5374,-0.3842
1548808825494435310,1.191,0.5378,-0.3842
1548808825557071208,1.1906,0.5386,-0.3842
1548808825614834785,1.192,0.5402,-0.3848
1548808825675588369,1.1917,0.5409,-0.3848
1548808825795011520,1.1886,0.5408,-0.384
1548808825855754852,1.1872,0.5413,-0.3839
1548808825915801525,1.1863,0.5432,-0.3839
1548808826036377668,1.1869,0.5415,-0.3847
1548808826095583438,1.1835,0.5397,-0.3834
1548808826157004117,1.1834,0.54,-0.3834
1548808826297599077,1.1832,0.5404,-0.3834
1548808826421107053,1.1792,0.5391,-0.3834
1548808826542144060,1.1807,0.5404,-0.3839
1548808826605228900,1.1806,0.5407,-0.3839
1548808826664673328,1.177,0.5393,-0.3829
1548808826785659551,1.1776,0.54,-0.3835
1548808826891574382,1.1773,0.5407,-0.3835
1548808826950738906,1.1763,0.5404,-0.3835
1548808827028886318,1.1762,0.5403,-0.3839
1548808827092397928,1.1763,0.54,-0.3839
1548808827149623155,1.1727,0.5385,-0.3832
1548808827194147825,1.1727,0.5384,-0.3832
1548808827394622802,1.1715,0.5384,-0.3835
1548808827495062589,1.1712,0.539,-0.3835
1548808827560339689,1.17,0.5391,-0.3835
1548808827618050336,1.1699,0.5392,-0.3835
1548808827677711248,1.1708,0.5397,-0.3837
1548808827796898841,1.1702,0.5407,-0.3841
1548808827857615709,1.1699,0.5414,-0.3841
1548808827916695356,1.1676,0.5412,-0.3842
1548808827996975183,1.1663,0.5391,-0.3842
1548808828060912847,1.1667,0.5383,-0.3842
1548808828124914169,1.1607,0.5366,-0.3839
1548808828240236043,1.1541,0.5338,-0.3834
1548808828361207723,1.1513,0.5319,-0.3839
1548808828482894897,1.1493,0.5313,-0.384
1548808828547309160,1.1491,0.5317,-0.384
1548808828604121923,1.1434,0.5295,-0.3834
1548808828712817430,1.1423,0.532,-0.3834
1548808828832717418,1.135,0.5302,-0.3834
1548808828893168926,1.1282,0.5275,-0.3833
1548808828952720642,1.1281,0.5277,-0.3833
1548808829013092279,1.1231,0.5258,-0.3836
1548808829072801828,1.1229,0.5264,-0.3836
1548808829132980585,1.1187,0.5251,-0.384
1548808829194185256,1.1185,0.5256,-0.384
1548808829325464248,1.113,0.5223,-0.3841
1548808829394141674,1.1131,0.5222,-0.3841
1548808829445340633,1.1119,0.522,-0.3846
1548808829566007614,1.1115,0.5224,-0.3851
1548808829679852962,1.1115,0.5224,-0.3851
1548808829806765317,1.1103,0.5221,-0.3856
1548808829862709760,1.1102,0.5224,-0.3856
1548808829925617694,1.1083,0.5219,-0.385
1548808830027675151,1.1074,0.5237,-0.385
1548808830087272405,1.1071,0.5241,-0.3855
1548808830147626638,1.1069,0.5245,-0.3855
1548808830207756996,1.1058,0.5244,-0.3854
1548808830327596902,1.1033,0.5247,-0.3855
1548808830387881517,1.103,0.5253,-0.3855
1548808830435716390,1.103,0.5252,-0.3856
1548808830507723569,1.1027,0.5259,-0.3856
1548808830555943489,1.1027,0.5258,-0.3857
1548808830627305984,1.1025,0.5263,-0.3857
1548808830675707340,1.1015,0.5259,-0.3858
1548808830796790599,1.1,0.5266,-0.3858
1548808830867503166,1.0996,0.5273,-0.3858
1548808830917708635,1.0987,0.5269,-0.3856
1548808830986679077,1.0985,0.5273,-0.3856
1548808831037402629,1.0976,0.5268,-0.3857
1548808831107689380,1.0973,0.5274,-0.3857
1548808831157588958,1.0962,0.5269,-0.3863
1548808831226296663,1.0956,0.5281,-0.3863
1548808831345822095,1.0953,0.5287,-0.3863
1548808831396891117,1.0952,0.5287,-0.3865
1548808831466981649,1.0948,0.5296,-0.3865
1548808831518132925,1.0929,0.5288,-0.3864
1548808831586757183,1.0923,0.53,-0.3864
1548808831637844085,1.0914,0.5295,-0.3863
1548808831706979036,1.0909,0.5305,-0.3863
1548808831827614545,1.0898,0.5307,-0.386
1548808831878122091,1.0879,0.5299,-0.3858
1548808831947010040,1.0872,0.5313,-0.3858
1548808831998266220,1.0853,0.5306,-0.3856
1548808832067851781,1.0842,0.5328,-0.3856
1548808832117815732,1.085,0.5332,-0.3861
1548808832188102245,1.0842,0.5349,-0.3861
1548808832307848215,1.0822,0.5366,-0.3859
1548808832359887123,1.0805,0.5355,-0.3859
1548808832427145242,1.0798,0.5367,-0.3859
1548808832478051424,1.078,0.5359,-0.3856
1548808832546787738,1.0773,0.5374,-0.3856
1548808832598345041,1.0764,0.5369,-0.3852
1548808832666954755,1.0756,0.5385,-0.3852
1548808832847825527,1.0717,0.5438,-0.3854
1548808832907277345,1.0709,0.5454,-0.3854
1548808832967079162,1.0703,0.5467,-0.3854
1548808833028116226,1.0696,0.548,-0.3854
1548808833087614297,1.0661,0.5477,-0.3856
1548808833147205591,1.0657,0.5486,-0.3856
1548808833206753015,1.0636,0.5481,-0.3855
1548808833326641559,1.0612,0.5483,-0.3855
1548808833386649131,1.061,0.5486,-0.3855
1548808833623816490,1.0556,0.5478,-0.3853
1548808833710335254,1.0545,0.5499,-0.3853
1548808833859178304,1.0538,0.549,-0.3853
1548808833910201072,1.0539,0.5488,-0.3853
1548808833974743127,1.0513,0.5473,-0.3849
1548808834078024148,1.0518,0.5463,-0.3849
1548808834136960983,1.0508,0.5456,-0.3852
1548808834198111534,1.0509,0.5454,-0.3852
1548808834317108631,1.0513,0.5447,-0.3851
1548808834376914978,1.0496,0.5436,-0.3848
1548808834442075967,1.0486,0.5434,-0.3847
1548808834518743515,1.0485,0.5436,-0.3847
1548808834621238231,1.047,0.542,-0.3845
1548808834675868511,1.0463,0.5411,-0.3845
1548808834853578567,1.0428,0.5389,-0.3842
1548808834927711725,1.0428,0.5389,-0.3842
1548808835005206584,1.0411,0.5377,-0.3842
1548808835115898847,1.0403,0.5369,-0.3843
1548808835230335474,1.0401,0.5372,-0.3843
1548808835429885387,1.0338,0.5361,-0.3837
1548808835490793704,1.0336,0.5364,-0.3837
1548808835553455114,1.0316,0.536,-0.3833
1548808835612065076,1.03,0.5392,-0.3833
1548808835660772800,1.0284,0.5379,-0.3829
1548808835732599258,1.0271,0.5403,-0.3829
1548808835852650403,1.0241,0.5435,-0.3831
1548808835912612915,1.0221,0.5453,-0.383
1548808835971200466,1.0207,0.5479,-0.383
1548808836011252164,1.0217,0.5481,-0.3833
1548808836093070268,1.0173,0.5562,-0.3833
1548808836152765035,1.016,0.5585,-0.3833
1548808836199063062,1.0156,0.5576,-0.3825
1548808836316128253,1.0132,0.5661,-0.3826
1548808836391762256,1.01,0.5719,-0.3826
1548808836433951139,1.0117,0.5732,-0.3825
1548808836512218475,1.0079,0.5799,-0.3825
1548808836551732778,1.0098,0.5807,-0.3827
1548808836631721735,1.0059,0.5873,-0.3827
1548808836691361904,1.004,0.5909,-0.3823
1548808836813246726,1.0024,0.5996,-0.3827
1548808836872464656,1.0003,0.603,-0.3827
1548808836931915044,1.0002,0.6071,-0.3828
1548808836993099212,0.9979,0.6109,-0.3828
1548808837051892518,0.9949,0.6161,-0.3825
1548808837112740278,0.9927,0.6195,-0.3825
1548808837173181295,0.99,0.628,-0.3822
1548808837280264377,0.9884,0.6383,-0.3822
1548808837350886106,0.9813,0.6492,-0.3822
1548808837411434173,0.977,0.6556,-0.3822
1548808837457440614,0.9797,0.6574,-0.3818
1548808837532054901,0.9717,0.6693,-0.3818
1548808837574793100,0.9743,0.6711,-0.3817
1548808837651988029,0.9658,0.6833,-0.3817
1548808837691753387,0.9675,0.6845,-0.3818
1548808837808144092,0.9609,0.6974,-0.3815
1548808837891172409,0.9529,0.7083,-0.3815
1548808837954909801,0.9511,0.7159,-0.3817
1548808838011885643,0.9466,0.7218,-0.3817
1548808838072948694,0.943,0.7286,-0.381
1548808838132699966,0.9387,0.7341,-0.381
1548808838194151639,0.936,0.7411,-0.3807
1548808838312388181,0.928,0.7529,-0.3804
1548808838372172832,0.9234,0.7585,-0.3804
1548808838432791471,0.9208,0.7666,-0.3805
1548808838491931438,0.9155,0.7729,-0.3805
1548808838553405046,0.912,0.7787,-0.3803
1548808838610750436,0.907,0.7846,-0.3803
1548808838657129526,0.9079,0.7851,-0.3804
1548808838732666254,0.8984,0.796,-0.3804
1548808838852951526,0.8894,0.8061,-0.38
1548808838910932779,0.8847,0.8113,-0.38
1548808838971580505,0.8801,0.8178,-0.38
1548808839031059026,0.8746,0.8238,-0.38
1548808839091833591,0.8704,0.8313,-0.38
1548808839152781724,0.865,0.8369,-0.38
1548808839212955951,0.8635,0.846,-0.3798
1548808850360353469,0.3582,2.7251,-0.3683
1548808850461741924,0.3643,2.77,-0.3691
1548808850506820917,0.3695,2.8129,-0.3697
1548808850562557935,0.3689,2.813,-0.3697
1548808850627488613,0.3748,2.8589,-0.371
1548808850762916326,0.3718,2.8593,-0.371
1548808850885321140,0.3707,2.8594,-0.371
1548808850946528196,0.3701,2.8595,-0.371
1548808851006279468,0.3856,2.9745,-0.3697
1548808851078670263,0.3925,3.0253,-0.3704
1548808851149338960,0.3918,3.0254,-0.3704
1548808851200237274,0.3978,3.0705,-0.3696
1548808851326521873,0.4017,3.1165,-0.3709
1548808851416219472,0.3984,3.1169,-0.3709
1548808851475591659,0.4024,3.1655,-0.3675
1548808851537009477,0.4028,3.1655,-0.3675
1548808851595528125,0.4077,3.2095,-0.3674
1548808851656219244,0.4062,3.2097,-0.3674
1548808851715572595,0.412,3.2566,-0.3674
1548808851836414098,0.4194,3.3043,-0.368
1548808851896188497,0.4217,3.304,-0.368
1548808851956239700,0.425,3.3482,-0.368
1548808852075853824,0.426,3.3937,-0.3679
1548808852135266542,0.4272,3.3936,-0.3679
1548808852196712732,0.4304,3.4388,-0.3682
1548808852411404609,0.4404,3.5327,-0.3686
1548808852521770477,0.4397,3.5328,-0.3686
1548808852621448278,0.4434,3.5791,-0.3668
1548808852767485618,0.4465,3.6233,-0.3665
1548808852889441013,0.452,3.6683,-0.3662
1548808852950429201,0.4495,3.6686,-0.3662
1548808853009060859,0.4502,3.6685,-0.3662
1548808853103532314,0.4644,3.7863,-0.3653
1548808853150896310,0.4632,3.7864,-0.3653
1548808853227598667,0.4691,3.8341,-0.3675
1548808853346308469,0.4735,3.88,-0.3688
1548808853452094554,0.4666,3.8808,-0.3688
1548808853515876293,0.472,3.9259,-0.3662
1548808853575952529,0.4721,3.9259,-0.3662
1548808853700705528,0.4795,4.0171,-0.3661
1548808853821058034,0.4832,4.061,-0.3673
1548808853899444341,0.4794,4.0614,-0.3673
1548808853959990978,0.4836,4.1063,-0.3684
1548808854018319368,0.48,4.1068,-0.3684
1548808854083626270,0.4825,4.152,-0.3675
1548808854138360023,0.4815,4.1521,-0.3675
1548808854296721696,0.4876,4.2404,-0.3672
1548808854379836320,0.4867,4.2405,-0.3672
1548808854439283609,0.4896,4.2837,-0.3665
1548808854537246227,0.4957,4.3284,-0.3667
1548808854659481048,0.4961,4.3736,-0.3688
1548808854748488187,0.4925,4.374,-0.3688
1548808854868623018,0.4919,4.4198,-0.3663
1548808854927792787,0.4961,4.4647,-0.3669
1548808854989366531,0.4935,4.465,-0.3669
1548808855048625469,0.4967,4.509,-0.367
1548808855108495950,0.4958,4.5091,-0.367
1548808855168870687,0.4995,4.5541,-0.3672
1548808855288302183,0.4991,4.5995,-0.3673
1548808855349404811,0.4977,4.5997,-0.3673
1548808855409255981,0.5022,4.6457,-0.3668
1548808855467438220,0.4997,4.6459,-0.3668
1548808855529208660,0.5029,4.693,-0.3667
1548808855587914466,0.501,4.6932,-0.3667
1548808855650316953,0.5042,4.7412,-0.3671
1548808855708833694,0.5035,4.7413,-0.3671
1548808855829637527,0.5048,4.7856,-0.3673
1548808855888423204,0.5081,4.8296,-0.3665
1548808855947953701,0.5055,4.8299,-0.3665
1548808856007733345,0.508,4.875,-0.3669
1548808856069269657,0.5069,4.8751,-0.3669
1548808856128190517,0.5055,4.8752,-0.3669
1548808856189388036,0.5038,4.8754,-0.3669
1548808856298907279,0.5152,4.9921,-0.3675
1548808856367949008,0.5133,4.9923,-0.3675
1548808856419895410,0.5179,5.0403,-0.3673
1548808856488323926,0.5151,5.0406,-0.3673
1548808856539312124,0.5196,5.0864,-0.3679
1548808856607641935,0.5161,5.0868,-0.3679
1548808856658418178,0.5203,5.1307,-0.3677
1548808856727557659,0.5159,5.1311,-0.3677
1548808856849656820,0.5162,5.1744,-0.3676
1548808856907833576,0.5193,5.2194,-0.3684
1548808856968392610,0.5179,5.2195,-0.3684
1548808857015735149,0.5221,5.2624,-0.3686
1548808857087674856,0.5194,5.2627,-0.3686
1548808857135902881,0.5237,5.3066,-0.3689
1548808857207640647,0.5205,5.3069,-0.3689
1548808857329535722,0.5189,5.3524,-0.3688
1548808857377149581,0.5239,5.3982,-0.3692
1548808857447698116,0.5182,5.3987,-0.3692
1548808857497400999,0.5225,5.4427,-0.3688
1548808857568240165,0.5198,5.4429,-0.3688
1548808857615513324,0.5237,5.4879,-0.3677
1548808857735070943,0.5242,5.5332,-0.3675
1548808857854516267,0.5217,5.5334,-0.3675
1548808857911453247,0.523,5.5775,-0.3685
1548808857974903106,0.5226,5.5776,-0.3685
1548808858032232999,0.5246,5.6227,-0.3678
1548808858094601154,0.5229,5.6229,-0.3678
1548808858333619117,0.5298,5.7561,-0.3675
1548808858454395532,0.5303,5.8013,-0.3673
1548808858510377168,0.5258,5.8018,-0.3673
1548808858575214147,0.5289,5.8457,-0.3675
1548808858631512403,0.5251,5.8461,-0.3675
1548808858694061994,0.5296,5.8879,-0.3676
1548808858814984798,0.5276,5.9343,-0.3683
1548808858873395204,0.5243,5.9346,-0.3683
1548808858935525178,0.5216,5.9348,-0.3683
1548808858991557121,0.5236,5.9799,-0.3684
1548808859054446697,0.5223,5.98,-0.3684
1548808859111590862,0.5234,6.0242,-0.3679
1548808859174634218,0.5267,6.0682,-0.3677
1548808859350735425,0.5212,6.1139,-0.3672
1548808859415216445,0.5255,6.1578,-0.3673
1548808859472092390,0.5214,6.1582,-0.3673
1548808859534035205,0.5196,6.1583,-0.3673
1548808859591606378,0.5227,6.2013,-0.3676
1548808859653822898,0.5259,6.2432,-0.3678
1548808862963634014,0.4553,7.4575,-0.3616
1548808863067664623,0.4571,7.5045,-0.3618
1548808863112720727,0.4575,7.5506,-0.3627
1548808863309793472,0.4564,7.5938,-0.3618
1548808863351618051,0.4595,7.6407,-0.3618
1548808863414164066,0.4575,7.6409,-0.3618
1548808863478514909,0.4593,7.6849,-0.3608
1548808863535607814,0.4554,7.6852,-0.3608
1548808863598970413,0.4589,7.7301,-0.3611
1548808863682354688,0.4565,7.7302,-0.3611
1548808863836307764,0.458,7.8174,-0.3604
1548808863904935836,0.4543,7.8176,-0.3604
1548808863963902950,0.4571,7.8636,-0.361
1548808864047251701,0.4557,7.8636,-0.361
1548808864147668123,0.4568,7.9107,-0.3609
1548808864196828842,0.4606,7.9556,-0.362
1548808864311624288,0.4572,7.9558,-0.362
1548808864439908504,0.4609,8.0479,-0.3599
1548808864560199975,0.4569,8.0481,-0.3599
1548808864618905305,0.4571,8.0973,-0.3593
1548808864678673267,0.4578,8.0972,-0.3593
1548808864805290937,0.4634,8.1881,-0.3608
1548808864926201343,0.4631,8.1881,-0.3608
1548808865023886442,0.4646,8.2361,-0.3616
1548808865123613834,0.4615,8.2814,-0.3609
1548808865167142152,0.4669,8.3282,-0.362
1548808865289243936,0.4648,8.3764,-0.3631
1548808865410293340,0.4631,8.4237,-0.3603
1548808865531723260,0.4649,8.4687,-0.3601
1548808865652145147,0.4678,8.5156,-0.3611
1548808865773248672,0.4666,8.5629,-0.3596
1548808865895543098,0.4689,8.6078,-0.3601
1548808865950049638,0.4684,8.6078,-0.3601
1548808866016754150,0.4674,8.655,-0.3604
1548808866137892961,0.4702,8.7009,-0.3621
1548808866251837491,0.468,8.701,-0.3621
1548808866380182027,0.4711,8.7901,-0.3611
1548808866450659751,0.4668,8.7903,-0.3611
1548808866498766660,0.4709,8.8352,-0.3604
1548808866619072675,0.4719,8.8792,-0.3612
1548808866742695093,0.4726,8.9243,-0.3614
1548808866858311176,0.4699,8.9244,-0.3614
1548808866986712694,0.4744,9.0154,-0.361
1548808867106854915,0.4698,9.0157,-0.361
1548808867168273687,0.4689,9.0608,-0.3611
1548808867310733556,0.4723,9.1077,-0.3612
1548808867409060239,0.4743,9.1527,-0.3618
1548808867468748092,0.476,9.1976,-0.364
1548808867589393138,0.4782,9.2427,-0.3619
1548808867712445974,0.4721,9.243,-0.3619
1548808867833795070,0.4766,9.3359,-0.362
1548808867954097986,0.4758,9.3841,-0.3618
1548808868076116561,0.4765,9.4321,-0.3618
1548808868201771974,0.4755,9.4793,-0.3611
1548808868315999984,0.4768,9.5273,-0.3619
1548808868439454793,0.4776,9.5744,-0.3622
1548808868555611133,0.4788,9.6223,-0.364
1548808868669407606,0.477,9.6224,-0.364
1548808868801721811,0.4809,9.7144,-0.3626
1548808868867825746,0.4795,9.7145,-0.3626
1548808868921214103,0.482,9.7624,-0.3639
1548808868969795942,0.4809,9.7625,-0.3639
1548808869042926549,0.4818,9.8076,-0.3626
1548808869169186353,0.4819,9.8546,-0.3631
1548808869285068273,0.4838,9.8996,-0.364
1548808869353989362,0.4832,9.8996,-0.364
1548808869406752109,0.4851,9.9456,-0.3647
1548808869675958871,0.4785,9.9459,-0.3647
1548808869855884552,0.4845,10.1089,-0.3651
1548808869925232410,0.4837,10.109,-0.3651
1548808869976100206,0.4859,10.1519,-0.365
1548808870028145313,0.4855,10.1519,-0.365
1548808870103989362,0.4887,10.1968,-0.3661
1548808870211418390,0.4882,10.1969,-0.3661
1548808870337890386,0.4903,10.2849,-0.3655
1548808870413895845,0.4891,10.285,-0.3655
1548808870458716154,0.49,10.33,-0.3665
1548808870514462471,0.4898,10.33,-0.3665
1548808870579746961,0.4935,10.3749,-0.3669
1548808870701349258,0.4936,10.421,-0.3656
1548808870814947843,0.4936,10.421,-0.3656
1548808870913102626,0.4959,10.465,-0.3652
1548808871012953758,0.4976,10.512,-0.3644
1548808871064955472,0.5001,10.559,-0.3648
1548808871114962100,0.5004,10.559,-0.3648
1548808871189348936,0.5029,10.6049,-0.3642
1548808871305188417,0.5048,10.6479,-0.3635
1548808871413917779,0.4997,10.6482,-0.3635
1548808871513382673,0.5011,10.7022,-0.3638
1548808871614159345,0.5005,10.7483,-0.365
1548808871666274547,0.5017,10.7883,-0.3648
1548808871788949728,0.5027,10.8392,-0.3679
1548808871915998697,0.5035,10.8873,-0.3656
1548808871997869014,0.5055,10.8872,-0.3656
1548808872099192619,0.5064,10.9293,-0.3654
1548808872149349212,0.5087,10.9772,-0.3662
1548808872200262308,0.5082,10.9772,-0.3662
1548808872387832403,0.5121,11.0663,-0.3649
1548808872499830722,0.5126,11.0662,-0.3649
1548808872598958730,0.5151,11.1113,-0.3621
1548808872697986602,0.5157,11.1552,-0.3645
1548808872877135038,0.5192,11.2472,-0.3662
1548808872982803821,0.5137,11.2474,-0.3662
1548808873085865020,0.5127,11.2895,-0.3663
1548808873229907989,0.5135,11.3366,-0.3643
1548808873354574441,0.5176,11.4265,-0.3664
1548808873432943344,0.5168,11.4266,-0.3664
1548808873533143281,0.5181,11.4735,-0.3677
1548808873596913337,0.5197,11.5195,-0.3685
1548808873719883203,0.5218,11.5665,-0.3662
1548808873832620143,0.522,11.5665,-0.3662
1548808873931969165,0.5215,11.6127,-0.3653
1548808874079852581,0.5243,11.6566,-0.365
1548808874178452730,0.5267,11.7006,-0.3651
1548808874321838855,0.5291,11.7896,-0.3645
1548808874378958225,0.5299,11.7896,-0.3645
1548808874442183256,0.5314,11.8335,-0.3655
1548808874565945625,0.5349,11.8804,-0.3661
1548808874678852081,0.5333,11.8805,-0.3661
1548808874806532859,0.5367,11.9745,-0.3653
1548808874877792358,0.5355,11.9746,-0.3653
1548808874927415609,0.5377,12.0215,-0.366
1548808874979925394,0.5375,12.0215,-0.366
1548808875052633285,0.5394,12.0675,-0.3653
1548808875171395063,0.5423,12.1144,-0.3687
1548808875288290262,0.5458,12.1604,-0.365
1548808875379950046,0.5465,12.1604,-0.365
1548808875478200435,0.5468,12.2074,-0.365
1548808875529023170,0.5486,12.2534,-0.3644
1548808875578959941,0.5474,12.2535,-0.3644
1548808875654655933,0.5493,12.3025,-0.364
1548808875779947996,0.5501,12.3466,-0.3617
1548808875897404670,0.5536,12.3924,-0.3631
1548808876013918161,0.5541,12.4365,-0.3624
1548808876123036623,0.553,12.4365,-0.3624
1548808876225044965,0.5548,12.4805,-0.3642
1548808876372414827,0.5585,12.5694,-0.3643
1548808876423531532,0.5592,12.5694,-0.3643
1548808876499195575,0.5612,12.6123,-0.365
1548808876616075515,0.5639,12.6573,-0.3634
1548808876723062276,0.5632,12.6574,-0.3634
1548808876858397722,0.5657,12.7493,-0.3655
1548808876923986196,0.5651,12.7493,-0.3655
1548808876979005813,0.5681,12.7963,-0.364
1548808877025236368,0.568,12.7963,-0.364
1548808877098472595,0.5703,12.8453,-0.3644
1548808877218941926,0.572,12.8923,-0.3643
1548808877325032711,0.5716,12.8923,-0.3643
1548808877424976825,0.5717,12.9404,-0.364
1548808877524326086,0.573,12.9883,-0.3649
1548808877585731983,0.5756,13.0343,-0.3632
1548808877624168157,0.5751,13.0344,-0.3632
1548808877706088781,0.5778,13.0832,-0.3657
1548808877825034379,0.5777,13.0832,-0.3657
1548808877907820701,0.5802,13.1283,-0.3621
1548808878052033185,0.5812,13.1733,-0.3624
1548808878150235652,0.5828,13.2173,-0.3629
1548808878250719308,0.5841,13.2643,-0.3627
1548808878429725885,0.5872,13.3562,-0.3645
1548808878554920911,0.5881,13.4003,-0.364
1548808878651658058,0.5869,13.4003,-0.364
1548808878751993656,0.59,13.4463,-0.3633
1548808878907442331,0.5919,13.4912,-0.3631
1548808879033691406,0.5955,13.5842,-0.3628
1548808879153882741,0.5944,13.5843,-0.3628
1548808879251002311,0.5973,13.6312,-0.3627
1548808879396175622,0.6005,13.7232,-0.3618
1548808879451965332,0.5983,13.7233,-0.3618
1548808879515528440,0.6023,13.7702,-0.3631
1548808879637381076,0.6042,13.8171,-0.3631
1548808879750399351,0.6054,13.8171,-0.3631
1548808879907143592,0.609,13.9091,-0.3612
1548808879997029066,0.6087,13.9541,-0.3634
1548808880051519632,0.6077,13.9541,-0.3634
1548808880117568731,0.6098,13.9971,-0.3631
1548808880238770008,0.6129,14.0451,-0.3628
1548808880360002040,0.6109,14.0451,-0.3628
1548808880459115743,0.6131,14.0901,-0.3638
1548808880559925079,0.6151,14.1331,-0.3627
1548808880602119684,0.6163,14.1761,-0.3634
1548808880661155700,0.6157,14.1761,-0.3634
1548808880723083734,0.6164,14.2211,-0.363
1548808880843986034,0.6174,14.2681,-0.3631
1548808880964108228,0.6149,14.3123,-0.3623
1548808881041218042,0.6153,14.3123,-0.3623
1548808881083427906,0.6177,14.3562,-0.3624
1548808881140977621,0.6169,14.3563,-0.3624
1548808881204010486,0.6189,14.4032,-0.3629
1548808881325184345,0.6209,14.4502,-0.3626
1548808881442625761,0.6208,14.4502,-0.3626
1548808881543261289,0.621,14.4963,-0.3608
1548808881640179872,0.6234,14.5442,-0.3624
1548808881691482305,0.6261,14.5892,-0.3618
1548808881841462612,0.6236,14.5893,-0.3618
1548808881942436695,0.6218,14.5894,-0.3618
1548808882018198728,0.6254,14.7084,-0.3614
1548808882143288135,0.6265,14.7614,-0.3612
1548808882225172758,0.6257,14.7614,-0.3612
1548808882382224082,0.6295,14.8554,-0.362
1548808882427187442,0.6284,14.8554,-0.362
1548808882503412008,0.6316,14.9023,-0.3639
1548808882608247756,0.6276,14.9025,-0.3639
1548808882712856531,0.6311,14.9494,-0.3619
1548808882976795911,0.6357,15.0823,-0.364
1548808883097861051,0.6387,15.1253,-0.3612
1548808883214066267,0.6369,15.1254,-0.3612
1548808883339321613,0.6386,15.2184,-0.3615
1548808883458177566,0.6394,15.2664,-0.3619
1548808883578548431,0.6376,15.3116,-0.3611
1548808883638273477,0.6383,15.3115,-0.3611
1548808883696743488,0.6396,15.3565,-0.3621
1548808883816926479,0.6416,15.4045,-0.362
1548808883925243139,0.6399,15.4046,-0.362
1548808884024161100,0.6426,15.4495,-0.3617
1548808884124468803,0.6434,15.4985,-0.3615
1548808884178441762,0.6458,15.5455,-0.3631
1548808884298274040,0.6454,15.5916,-0.3619
1548808884416316986,0.648,15.6375,-0.3619
1548808884524310350,0.6457,15.6376,-0.3619
1548808884654604434,0.6485,15.7285,-0.3635
1548808884770661592,0.6483,15.7285,-0.3635
1548808884895200014,0.6508,15.8176,-0.363
1548808884970850229,0.6514,15.8175,-0.363
1548808885015587806,0.6526,15.8625,-0.363
1548808885070142507,0.6532,15.8625,-0.363
1548808885134283542,0.6544,15.9075,-0.3636
1548808885255751371,0.6549,15.9535,-0.3637
1548808885370492935,0.6536,15.9536,-0.3637
1548808885474325418,0.6561,15.9985,-0.3648
1548808885568620681,0.6566,16.0445,-0.3652
1548808885669468164,0.6587,16.0924,-0.3667
1548808885854395866,0.6637,16.1764,-0.3659
1548808885973356962,0.6581,16.1766,-0.3659
1548808886068947792,0.6604,16.2246,-0.3654
1548808886170673608,0.6611,16.2686,-0.3654
1548808886332501649,0.665,16.3574,-0.3681
1548808886454466104,0.6665,16.4025,-0.3658
1548808886570353269,0.6671,16.4025,-0.3658
1548808886652961969,0.6683,16.4495,-0.3645
1548808886796502828,0.6702,16.4925,-0.3644
1548808886928497314,0.6731,16.5794,-0.3642
1548808886996418476,0.6724,16.5795,-0.3642
1548808887049456357,0.6734,16.6255,-0.3644
1548808887170912265,0.6747,16.6695,-0.3648
1548808887291599988,0.6742,16.7175,-0.3652
1548808887366240262,0.6744,16.7175,-0.3652
1548808887412216901,0.6761,16.7645,-0.3648
1548808887469290018,0.6769,16.7645,-0.3648
1548808887530212402,0.6788,16.8114,-0.3655
1548808887649265050,0.6795,16.8575,-0.3651
1548808887770456552,0.6789,16.9044,-0.3695
1548808887887627124,0.6814,16.9515,-0.3655
1548808887967293739,0.6803,16.9515,-0.3655
1548808888066736221,0.6823,17.0015,-0.3651
1548808888129199504,0.6835,17.0485,-0.3652
1548808888168647050,0.6833,17.0485,-0.3652
1548808888369753837,0.685,17.0935,-0.3655
1548808888469476699,0.685,17.1415,-0.3659
1548808888567489624,0.6845,17.1856,-0.3659
1548808888666759967,0.6845,17.2336,-0.3661
1548808888848424434,0.6862,17.3216,-0.3665
1548808888970377683,0.6843,17.3217,-0.3665
1548808889067945718,0.6855,17.3687,-0.3666
1548808889166558027,0.6878,17.4127,-0.3669
1548808889330282449,0.69,17.5027,-0.3674
1548808889394256353,0.6898,17.5027,-0.3674
1548808889449380874,0.6896,17.5457,-0.3679
1548808889567311286,0.6925,17.5866,-0.3683
1548808889619604825,0.6871,17.5868,-0.3683
1548808889686380863,0.69,17.6308,-0.3678
1548808889807825803,0.6889,17.6738,-0.3688
1548808889867286682,0.6889,17.6738,-0.3688
1548808889928010225,0.6904,17.7178,-0.3695
1548808890046423435,0.6847,17.7661,-0.3691
1548808890148909807,0.6848,17.7661,-0.3691
1548808890252212285,0.6842,17.8091,-0.3702
1548808890407861471,0.6834,17.9012,-0.3717
1548808890526408672,0.6811,17.9464,-0.3703
1548808890595295667,0.6808,17.9464,-0.3703
1548808890646329164,0.6833,17.9893,-0.3702
1548808890698067903,0.6751,17.9896,-0.3702
1548808890842069387,0.6778,18.0326,-0.3695
1548808890943779468,0.6778,18.0786,-0.3696
1548808891002599000,0.6782,18.1216,-0.3696
1548808891124318122,0.6735,18.1669,-0.3699
1548808891206553459,0.6713,18.1669,-0.3699
1548808891364115953,0.6712,18.258,-0.3697
1548808891484604597,0.6704,18.3031,-0.3701
1548808891602631568,0.6672,18.3472,-0.3698
1548808891674065113,0.6658,18.3473,-0.3698
1548808891815043687,0.6654,18.3924,-0.3694
1548808891918125867,0.6671,18.4393,-0.369
1548808891962652206,0.6681,18.4863,-0.3701
1548808892017437458,0.6663,18.4864,-0.3701
1548808892082898855,0.6666,18.5345,-0.3687
1548808892178472518,0.6628,18.5346,-0.3687
1548808892320390701,0.6629,18.5816,-0.3687
1548808892422774553,0.6624,18.6277,-0.3685
1548808892560645341,0.661,18.7188,-0.369
1548808892604095935,0.6613,18.7188,-0.369
1548808892681055068,0.6622,18.7648,-0.3693
1548808892800247907,0.6607,18.8098,-0.3721
1548808892921797513,0.6571,18.8561,-0.3688
1548808892986552715,0.6526,18.8562,-0.3688
1548808893047566175,0.6555,18.9051,-0.3689
1548808893130434751,0.6537,18.9052,-0.3689
1548808893233756065,0.6553,18.9512,-0.3691
1548808893406476497,0.6562,19.0422,-0.3706
1548808893520289897,0.6526,19.0864,-0.3705
1548808893594165325,0.6468,19.0865,-0.3705
1548808893655014514,0.6465,19.1326,-0.3713
1548808893760389089,0.6492,19.1775,-0.3716
1548808893881458282,0.6474,19.2246,-0.3712
1548808893997865676,0.6419,19.2248,-0.3712
1548808894060716629,0.6427,19.2248,-0.3712
1548808894199441909,0.6412,19.2248,-0.3712
1548808894330194234,0.6476,19.3957,-0.3709
1548808894403675079,0.6471,19.3958,-0.3709
1548808894447660207,0.6486,19.4398,-0.3706
1548808894503652334,0.6486,19.4398,-0.3706
1548808894567735910,0.6503,19.4837,-0.371
1548808894688614368,0.6514,19.5307,-0.3712
1548808894808487653,0.6535,19.5737,-0.3717
1548808894903895139,0.6528,19.5737,-0.3717
1548808895004075050,0.6539,19.6197,-0.3725
1548808895051093339,0.6553,19.6627,-0.3725
1548808895104431152,0.6566,19.6626,-0.3725
1548808895170517444,0.6589,19.7086,-0.3732
1548808895291460752,0.6619,19.7525,-0.3731
1548808895403973579,0.6634,19.7524,-0.3731
1548808895504316568,0.6666,19.7984,-0.3731
1548808895605366945,0.6669,19.8444,-0.3726
1548808895650189161,0.6691,19.8864,-0.373
1548808895702980756,0.6704,19.8863,-0.373
1548808895889874219,0.674,19.9753,-0.3729
1548808896004128217,0.6763,19.9752,-0.3729
1548808896103670835,0.6832,20.021,-0.3724
1548808896245867967,0.6802,20.0671,-0.3731
1548808896372494220,0.6827,20.1551,-0.3729
1548808896449027299,0.6834,20.1551,-0.3729
1548808896490048885,0.6847,20.2001,-0.3727
1548808896551941156,0.6851,20.2,-0.3727
1548808896608495950,0.6881,20.243,-0.3716
1548808896731250524,0.69,20.2879,-0.3743
1548808896847940206,0.6944,20.2878,-0.3743
1548808896949589014,0.6998,20.3327,-0.3699
1548808897011648178,0.701,20.3787,-0.3686
1548808897095479726,0.6999,20.4228,-0.3699
1548808897153026580,0.7015,20.4227,-0.3699
1548808897215015172,0.7037,20.4637,-0.3703
1548808897333830118,0.7059,20.5066,-0.369
1548808897455617189,0.7077,20.5516,-0.3685
1548808897555815696,0.7061,20.5517,-0.3685
1548808897653590679,0.7077,20.5926,-0.3688
1548808897753701448,0.7089,20.6396,-0.3683
1548808897934763669,0.7123,20.7276,-0.3688
1548808898055832147,0.7133,20.7756,-0.3668
1548808898157028675,0.7106,20.7757,-0.3668
1548808898294912815,0.7137,20.8667,-0.3664
1548808898354453802,0.7129,20.8667,-0.3664
1548808898415633201,0.7145,20.9137,-0.3686
1548808898454177379,0.7151,20.9136,-0.3686
1548808898534564971,0.7162,20.9587,-0.3661
1548808898655975818,0.7169,20.9586,-0.3661
1548808898754748344,0.7169,21.0057,-0.366
1548808898895631313,0.7179,21.1017,-0.3652
1548808898954187154,0.7174,21.1017,-0.3652
1548808899016720533,0.7204,21.1487,-0.3654
1548808899117129564,0.7113,21.149,-0.3654
1548808899258282423,0.714,21.24,-0.3643
1548808899378079891,0.7153,21.29,-0.3639
1548808899458845853,0.7142,21.29,-0.3639
1548808899561613082,0.7162,21.334,-0.3641
1548808899617586612,0.7174,21.378,-0.3635
1548808899659826517,0.7168,21.378,-0.3635
1548808899736700057,0.7184,21.425,-0.363
1548808899861047029,0.7192,21.468,-0.3632
1548808899960320949,0.7183,21.468,-0.3632
1548808900059610605,0.7148,21.5102,-0.3636
1548808900098117828,0.7165,21.5542,-0.3621
1548808900182813167,0.7126,21.5543,-0.3621
1548808900324695825,0.7145,21.5972,-0.3638
1548808900427281141,0.7149,21.6422,-0.3643
1548808900528157949,0.7155,21.6872,-0.3642
1548808900579365968,0.7158,21.7313,-0.3645
1548808900626124620,0.715,21.7313,-0.3645
1548808900701935529,0.7167,21.7753,-0.3639
1548808900820433855,0.716,21.8213,-0.365
1548808900926142930,0.7094,21.8215,-0.365
1548808900989145278,0.709,21.8646,-0.3643
1548808901060937881,0.7123,21.9105,-0.3649
1548808901130304336,0.7111,21.9105,-0.3649
1548808901181425571,0.712,21.9546,-0.3635
1548808901307701826,0.7136,21.9975,-0.3636
1548808901423874139,0.7137,22.0446,-0.3633
1548808901532882928,0.7108,22.0447,-0.3633
1548808901661219120,0.7086,22.1358,-0.3629
1548808901782716751,0.7074,22.1808,-0.3652
1548808901902866601,0.7051,22.1809,-0.3652
1548808901999134778,0.7052,22.227,-0.3622
1548808902099766492,0.7057,22.272,-0.3624
1548808902200161933,0.7063,22.317,-0.3612
1548808902379816532,0.7047,22.4081,-0.3606
1548808902502674341,0.7052,22.4561,-0.3649
1548808902598891496,0.7043,22.4561,-0.3649
1548808902699028730,0.7055,22.4982,-0.3602
1548808902864232540,0.7038,22.5903,-0.3591
1548808902986228227,0.7057,22.6363,-0.3593
1548808903102656841,0.7068,22.6362,-0.3593
1548808903201956033,0.7102,22.6811,-0.3591
1548808903344680309,0.7121,22.7711,-0.3591
1548808903399280786,0.7109,22.7712,-0.3591
1548808903464206218,0.7125,22.8142,-0.358
1548808903585986375,0.7135,22.8562,-0.3578
1548808903700667858,0.7143,22.8561,-0.3578
1548808903829898595,0.7192,22.9481,-0.3556
1548808903927766084,0.7195,22.9481,-0.3556
1548808904027722835,0.7193,22.9911,-0.3551
1548808904126939296,0.7162,23.0352,-0.3577
1548808904180368661,0.7173,23.0812,-0.3559
1548808904300836086,0.7157,23.1263,-0.3564
1548808904430110216,0.7185,23.1642,-0.3563
1548808904542923688,0.7114,23.1895,-0.3557
1548808904615661382,0.7122,23.1894,-0.3557
1548808904664228200,0.7121,23.1974,-0.3558
1548808904782927989,0.7123,23.1964,-0.3561
1548808904905420541,0.712,23.1954,-0.356
1548808905020475149,0.712,23.1954,-0.356
1548808905117541551,0.7124,23.1964,-0.3566
1548808905216911554,0.7123,23.1964,-0.3569
1548808905390242099,0.7124,23.1964,-0.3566
1548808905506006717,0.7124,23.1964,-0.3569
1548808905617990493,0.7123,23.1964,-0.3569
1548808905718463182,0.7118,23.1964,-0.3566
1548808905866003274,0.7114,23.1955,-0.356
1548808905919323682,0.7117,23.1955,-0.356
1548808905991931915,0.7114,23.1955,-0.3558
1548808906106437444,0.7123,23.1964,-0.3563
1548808906216986894,0.7123,23.1964,-0.3563
1548808906417925357,0.7123,23.1964,-0.3563
1548808906521130084,0.7117,23.1954,-0.3563
1548808906559828758,0.712,23.1964,-0.3561
1548808906604994535,0.7114,23.1965,-0.3561
1548808906679032564,0.7114,23.1955,-0.356
1548808906800405502,0.7115,23.1964,-0.3569
1548808906848819017,0.7121,23.1964,-0.3569
1548808906922086477,0.712,23.1964,-0.356
1548808907049836635,0.7123,23.1964,-0.356
1548808907147718667,0.7124,23.1964,-0.356
1548808907247236251,0.712,23.1964,-0.3566
1548808907405895709,0.7124,23.1964,-0.3566
1548808907628865003,0.7123,23.1954,-0.3566
1548808907748949289,0.7124,23.1974,-0.3558
1548808907888979196,0.7115,23.1964,-0.357
1548808907947551250,0.7115,23.1964,-0.357
1548808908009896516,0.7118,23.1964,-0.3564
1548808908132232189,0.7124,23.1964,-0.3566
1548808908247209072,0.7118,23.1964,-0.3566
1548808908374683380,0.7124,23.1964,-0.3569
1548808908448395013,0.7124,23.1964,-0.3569
1548808908495376348,0.7124,23.1964,-0.3569
1548808908604213237,0.7123,23.1964,-0.3569
1548808908737471342,0.7124,23.1964,-0.3569
1548808908858054637,0.7121,23.1964,-0.3569
1548808908947089433,0.7118,23.1964,-0.3569
1548808909048867225,0.7123,23.1954,-0.356
1548808909100730419,0.7123,23.1954,-0.3566
1548808909149033546,0.7123,23.1954,-0.3566
1548808909221856355,0.7124,23.1964,-0.3569
1548808909349954128,0.7123,23.1954,-0.3563
1548808909447019815,0.7123,23.1954,-0.3563
1548808909604048490,0.7124,23.1964,-0.3569
1548808909705407857,0.7123,23.1964,-0.3552
1548808909826370239,0.7118,23.1964,-0.3567
1548808909949901103,0.7123,23.1954,-0.3566
1548808910046936988,0.712,23.1954,-0.3566
1548808910147749662,0.7124,23.1964,-0.3563
1548808910190355062,0.7124,23.1964,-0.3569
1548808910310166358,0.7123,23.1954,-0.3566
1548808910431293249,0.7123,23.1954,-0.3557
1548808910557218074,0.7123,23.1954,-0.3569
1548808910602225780,0.7123,23.1954,-0.3569
1548808910675039768,0.7123,23.1954,-0.3563
1548808910795821428,0.7124,23.1964,-0.3566
1548808910847803831,0.7124,23.1964,-0.3566
1548808910917078495,0.7123,23.1954,-0.3569
1548808911038440465,0.7124,23.1964,-0.3566
1548808911147327661,0.7124,23.1964,-0.3566
1548808911249491453,0.7124,23.1964,-0.3569
1548808911400184869,0.7121,23.1964,-0.3567
1548808911448616266,0.7124,23.1964,-0.3567
1548808911522357463,0.7121,23.1964,-0.3569
1548808911602988719,0.7124,23.1964,-0.3569
